,Account Number,Balance Date,Balance,Transaction Value
1,10005367,2023-02-01,728.25,
1,10011977,2023-02-01,676.54,
1,10024680,2023-02-01,414.03,-153.43
1,10031238,2023-02-01,576.52,
1,10034341,2023-02-01,390.39,
1,10079965,2023-02-01,799.27,
1,10091076,2023-02-01,2600.34,-27.27999999999999
1,10231977,2023-02-01,177.63,116.0
1,10232603,2023-02-01,858.23,125.68
1,10243581,2023-02-01,104.27,
1,10271519,2023-02-01,50.02,
1,10273387,2023-02-01,581.83,
1,10288821,2023-02-01,642.41,
1,10295384,2023-02-01,153.85,
1,10350324,2023-02-01,861.81,
1,10437896,2023-02-01,661.08,
1,10449180,2023-02-01,277.23,48.99
1,10464544,2023-02-01,666.43,-89.56
1,10473116,2023-02-01,292.79,-94.91
1,10521885,2023-02-01,280.7,43.55
1,10553619,2023-02-01,1543.99,-40.58999999999999
1,10554116,2023-02-01,122.12,-121.83
1,10586481,2023-02-01,73.83,
1,10608220,2023-02-01,1243.4099999999999,-55.919999999999995
1,10631690,2023-02-01,947.45,
1,10675607,2023-02-01,170.63,-114.21
1,10725127,2023-02-01,984.69,
1,10769769,2023-02-01,813.63,-93.28
1,10783139,2023-02-01,992.98,
1,10799356,2023-02-01,915.04,
1,10819898,2023-02-01,853.93,103.68
1,10842511,2023-02-01,651.77,
1,10847941,2023-02-01,40.25,
1,10864084,2023-02-01,119.98,
1,10942334,2023-02-01,55.42,
1,10949168,2023-02-01,471.8,
1,10989769,2023-02-01,334.18,
1,11008868,2023-02-01,271.3,
1,11026937,2023-02-01,303.44,
1,11061291,2023-02-01,-89.71,-162.41
1,11067879,2023-02-01,524.5400000000001,-625.59
1,11110085,2023-02-01,861.29,
1,11150945,2023-02-01,1852.76,-105.10000000000002
1,11228111,2023-02-01,-11.84,-142.2
1,11242986,2023-02-01,184.28,-160.4
1,11251776,2023-02-01,504.02,
1,11302888,2023-02-01,458.83,
1,11306584,2023-02-01,574.4,52.0
1,11333185,2023-02-01,693.23,
1,11346696,2023-02-01,661.99,
1,11359678,2023-02-01,837.17,
1,11360263,2023-02-01,236.81,100.02
1,11368995,2023-02-01,502.32,-63.48
1,11437275,2023-02-01,115.34,
1,11438427,2023-02-01,484.08,
1,11463412,2023-02-01,342.53,
1,11475827,2023-02-01,412.27,48.39
1,11522216,2023-02-01,590.37,
1,11662506,2023-02-01,406.04,-167.85
1,11694020,2023-02-01,379.2,
1,11717885,2023-02-01,6.06,
1,11728970,2023-02-01,711.65,
1,11736814,2023-02-01,381.51,
1,11744491,2023-02-01,609.97,255.14999999999998
1,11764022,2023-02-01,169.42,-117.24
1,11778031,2023-02-01,514.7,
1,11790056,2023-02-01,243.85,24.480000000000004
1,11804173,2023-02-01,353.62,
1,11826060,2023-02-01,782.13,
1,11831265,2023-02-01,253.64,-335.84
1,11836917,2023-02-01,511.95,-138.19
1,11846043,2023-02-01,915.59,
1,11882775,2023-02-01,-671.14,-1164.33
1,11910409,2023-02-01,160.79,-80.43
1,11928523,2023-02-01,818.51,
1,12035637,2023-02-01,461.35,
1,12042151,2023-02-01,336.44,
1,12088180,2023-02-01,656.51,
1,12099406,2023-02-01,586.14,-94.97
1,12111805,2023-02-01,1001.89,110.9
1,12172627,2023-02-01,550.41,
1,12185627,2023-02-01,873.23,
1,12198380,2023-02-01,445.46,
1,12199229,2023-02-01,804.0,
1,12233762,2023-02-01,386.05,
1,12240007,2023-02-01,894.48,
1,12241820,2023-02-01,207.29,
1,12388837,2023-02-01,463.31,
1,12420291,2023-02-01,578.47,
1,12423613,2023-02-01,459.18,
1,12440230,2023-02-01,842.67,
1,12493067,2023-02-01,404.61,
1,12494185,2023-02-01,762.16,
1,12499656,2023-02-01,605.31,243.93
1,12560453,2023-02-01,232.63,147.6
1,12583269,2023-02-01,910.46,
1,12666385,2023-02-01,1707.22,352.59999999999997
1,12680102,2023-02-01,674.64,
1,12725274,2023-02-01,194.04,167.85
1,12859818,2023-02-01,240.28,89.22
1,12899540,2023-02-01,873.85,-83.35
1,12964138,2023-02-01,1261.83,46.13
1,12985543,2023-02-01,262.67,-140.27
1,13058003,2023-02-01,218.0,
1,13076932,2023-02-01,419.47,
1,13117442,2023-02-01,799.69,
1,13167285,2023-02-01,396.09000000000003,-203.88
1,13176075,2023-02-01,67.3,
1,13182613,2023-02-01,384.42,
1,13197335,2023-02-01,1534.15,184.28
1,13267945,2023-02-01,299.77,
1,13274987,2023-02-01,868.55,-33.51
1,13277127,2023-02-01,793.22,
1,13322659,2023-02-01,536.37,-153.9
1,13388069,2023-02-01,13.45,
1,13426667,2023-02-01,70.47,
1,13459523,2023-02-01,814.31,
1,13474543,2023-02-01,559.28,120.92
1,13537427,2023-02-01,609.54,52.56
1,13551717,2023-02-01,-1334.05,-1361.0
1,13558846,2023-02-01,1203.5,-43.730000000000004
1,13563384,2023-02-01,952.65,
1,13584908,2023-02-01,162.0,
1,13610259,2023-02-01,587.73,
1,13687711,2023-02-01,757.76,
1,13713704,2023-02-01,1.48,
1,13788234,2023-02-01,302.78,
1,13945841,2023-02-01,813.51,473.7
1,13965360,2023-02-01,299.46,
1,13997603,2023-02-01,516.79,
1,14000447,2023-02-01,541.73,97.79
1,14014401,2023-02-01,554.46,
1,14039438,2023-02-01,94.52,
1,14045416,2023-02-01,212.17,-53.46
1,14052052,2023-02-01,915.74,
1,14086187,2023-02-01,340.59,
1,14103210,2023-02-01,369.01,
1,14136082,2023-02-01,302.02,82.18
1,14144267,2023-02-01,97.69,
1,14183437,2023-02-01,779.47,
1,14253152,2023-02-01,43.85,
1,14337606,2023-02-01,561.8,
1,14355869,2023-02-01,-723.44,-1052.6
1,14397662,2023-02-01,363.51,
1,14421453,2023-02-01,964.14,150.38
1,14448009,2023-02-01,1604.17,-210.36
1,14505806,2023-02-01,1663.65,974.4
1,14564252,2023-02-01,263.39,
1,14592080,2023-02-01,245.22,
1,14594928,2023-02-01,470.64,
1,14600288,2023-02-01,622.77,
1,14648004,2023-02-01,580.33,14.790000000000006
1,14685853,2023-02-01,-97.17,-142.37
1,14723713,2023-02-01,378.07,
1,14749214,2023-02-01,194.54,
1,14780986,2023-02-01,286.05,105.85
1,14812157,2023-02-01,1180.04,645.5
1,14840078,2023-02-01,465.92,-118.24
1,14866733,2023-02-01,171.57,-77.78
1,14897645,2023-02-01,202.69,113.69
1,14907946,2023-02-01,845.72,
1,15033812,2023-02-01,504.58,
1,15044055,2023-02-01,204.3,
1,15052808,2023-02-01,786.05,
1,15055504,2023-02-01,339.94,
1,15077298,2023-02-01,779.12,-158.57
1,15100785,2023-02-01,934.1,
1,15163829,2023-02-01,458.6,
1,15258886,2023-02-01,564.48,-124.86
1,15265650,2023-02-01,293.82,146.1
1,15265700,2023-02-01,849.74,19.88
1,15290238,2023-02-01,177.19,83.96
1,15296624,2023-02-01,1266.4,-138.91
1,15324178,2023-02-01,833.62,
1,15334737,2023-02-01,726.73,217.35
1,15377274,2023-02-01,902.14,
1,15428008,2023-02-01,131.02,
1,15468532,2023-02-01,819.87,
1,15522788,2023-02-01,52.64,-101.62
1,15529292,2023-02-01,265.35,-117.6
1,15563919,2023-02-01,401.63,-90.71
1,15665459,2023-02-01,68.94,
1,15668160,2023-02-01,810.02,
1,15732629,2023-02-01,975.81,
1,15768459,2023-02-01,997.4,
1,15779976,2023-02-01,129.01,
1,15793232,2023-02-01,45.88,
1,15796180,2023-02-01,755.58,
1,15801209,2023-02-01,-686.46,-695.3
1,15805500,2023-02-01,230.39,
1,15810455,2023-02-01,81.69,
1,15826579,2023-02-01,-351.43,-948.2
1,15830962,2023-02-01,570.89,
1,15841031,2023-02-01,579.98,
1,15899774,2023-02-01,773.38,
1,15914466,2023-02-01,436.62,
1,15918861,2023-02-01,781.97,
1,15922706,2023-02-01,478.87,
1,15944303,2023-02-01,977.44,
1,15960008,2023-02-01,455.42,
1,15980710,2023-02-01,955.7,
1,16013218,2023-02-01,322.63,
1,16026987,2023-02-01,772.57,
1,16030234,2023-02-01,-25.840000000000003,-282.13
1,16063411,2023-02-01,896.73,
1,16067516,2023-02-01,494.33,
1,16087504,2023-02-01,200.9,144.25
1,16093178,2023-02-01,96.62,
1,16118153,2023-02-01,829.58,
1,16124993,2023-02-01,148.14,
1,16152779,2023-02-01,488.65999999999997,227.37
1,16157014,2023-02-01,957.82,99.09
1,16181964,2023-02-01,929.75,-49.69
1,16191280,2023-02-01,825.86,
1,16223952,2023-02-01,222.18,
1,16229373,2023-02-01,160.63,-96.26
1,16270746,2023-02-01,954.15,49.84
1,16306280,2023-02-01,921.83,
1,16312979,2023-02-01,833.92,
1,16334793,2023-02-01,297.75,
1,16453812,2023-02-01,356.9,
1,16506904,2023-02-01,495.49,-106.68
1,16584745,2023-02-01,-7.05,-136.51
1,16628269,2023-02-01,27.11,
1,16633794,2023-02-01,263.05,
1,16676577,2023-02-01,484.65,77.41
1,16927652,2023-02-01,623.36,-14.22
1,16977372,2023-02-01,494.39,-181.11
1,16984772,2023-02-01,823.43,
1,17024652,2023-02-01,918.84,
1,17039422,2023-02-01,941.44,
1,17051223,2023-02-01,558.16,
1,17085651,2023-02-01,945.51,
1,17138963,2023-02-01,-1368.75,-1500.7
1,17144855,2023-02-01,1187.98,295.34000000000003
1,17191420,2023-02-01,848.06,130.78
1,17228160,2023-02-01,143.62,-886.51
1,17264146,2023-02-01,345.33,
1,17284705,2023-02-01,64.03,-81.56
1,17301178,2023-02-01,311.47,
1,17434670,2023-02-01,148.92,
1,17469776,2023-02-01,443.18,
1,17483941,2023-02-01,1212.81,-225.73000000000002
1,17533114,2023-02-01,274.53,
1,17534364,2023-02-01,758.41,
1,17543122,2023-02-01,681.64,
1,17644586,2023-02-01,482.26,-55.49000000000001
1,17648252,2023-02-01,872.14,75.90000000000009
1,17669623,2023-02-01,163.19,
1,17692892,2023-02-01,457.79,
1,17722231,2023-02-01,877.21,-67.01
1,17749893,2023-02-01,1987.8899999999999,32.579999999999984
1,17810734,2023-02-01,348.22,
1,17840180,2023-02-01,558.52,0.96
1,17868317,2023-02-01,533.8,-172.78
1,17881363,2023-02-01,415.27,
1,17925406,2023-02-01,393.37,
1,17933377,2023-02-01,189.05,
1,17938672,2023-02-01,1007.94,102.95
1,17939571,2023-02-01,396.93,
1,17983851,2023-02-01,1009.64,160.4
1,18046225,2023-02-01,205.83,
1,18052851,2023-02-01,672.09,
1,18095448,2023-02-01,73.28,
1,18133554,2023-02-01,733.1,
1,18179400,2023-02-01,768.78,
1,18185362,2023-02-01,609.36,
1,18198770,2023-02-01,108.23,
1,18305932,2023-02-01,834.42,
1,18308848,2023-02-01,570.65,
1,18346988,2023-02-01,450.36,
1,18348734,2023-02-01,432.35,-147.58
1,18447548,2023-02-01,673.65,99.41
1,18451683,2023-02-01,501.75,
1,18517970,2023-02-01,709.95,
1,18563743,2023-02-01,649.46,
1,18582171,2023-02-01,732.99,
1,18584434,2023-02-01,877.81,
1,18645136,2023-02-01,674.96,120.09
1,18685463,2023-02-01,476.02,
1,18718399,2023-02-01,716.22,
1,18850031,2023-02-01,191.3,
1,18859451,2023-02-01,441.04,
1,18899132,2023-02-01,244.46,
1,18928638,2023-02-01,150.95,
1,19001745,2023-02-01,507.55,
1,19094015,2023-02-01,623.08,74.43
1,19154395,2023-02-01,1634.48,630.16
1,19160862,2023-02-01,211.53,
1,19201987,2023-02-01,624.55,
1,19216744,2023-02-01,123.53,
1,19220216,2023-02-01,628.89,
1,19242274,2023-02-01,256.69,9.419999999999987
1,19283264,2023-02-01,301.31,
1,19315124,2023-02-01,447.16,
1,19317267,2023-02-01,51.87,
1,19334563,2023-02-01,-249.15,-774.6
1,19387921,2023-02-01,840.31,-86.97
1,19429964,2023-02-01,694.43,
1,19432211,2023-02-01,24.19,
1,19524427,2023-02-01,579.16,
1,19530097,2023-02-01,960.21,
1,19559937,2023-02-01,4369.48,1413.98
1,19574610,2023-02-01,104.29,
1,19647966,2023-02-01,849.89,
1,19686460,2023-02-01,1235.1,818.4
1,19705767,2023-02-01,997.48,
1,19789505,2023-02-01,1935.8,1041.9
1,19836996,2023-02-01,245.14,
1,19876635,2023-02-01,1502.9,-182.44
1,19920990,2023-02-01,70.95,
1,19931073,2023-02-01,404.96,
1,19956941,2023-02-01,723.33,
1,19980716,2023-02-01,432.98,
1,20015298,2023-02-01,1112.33,158.51
1,20067958,2023-02-01,38.05,
1,20090784,2023-02-01,482.62,
1,20117480,2023-02-01,-15.71,-86.68
1,20129535,2023-02-01,590.26,143.85
1,20176338,2023-02-01,189.55,-100.02
1,20242626,2023-02-01,701.08,
1,20248053,2023-02-01,565.28,
1,20263437,2023-02-01,789.09,
1,20280759,2023-02-01,838.7,
1,20287993,2023-02-01,616.17,
1,20316429,2023-02-01,697.84,
1,20345467,2023-02-01,780.15,-72.35
1,20369153,2023-02-01,681.68,387.9
1,20372310,2023-02-01,366.41,
1,20413037,2023-02-01,235.79,
1,20425065,2023-02-01,866.77,
1,20464830,2023-02-01,181.25,
1,20632572,2023-02-01,286.44,
1,20704613,2023-02-01,168.7,97.11
1,20705548,2023-02-01,184.81,
1,20720894,2023-02-01,243.42,
1,20838578,2023-02-01,620.7,
1,20849721,2023-02-01,740.52,
1,20851460,2023-02-01,931.67,
1,20878023,2023-02-01,648.19,
1,20908067,2023-02-01,607.53,
1,20991411,2023-02-01,572.64,
1,20992354,2023-02-01,5.08,-82.18
1,21001872,2023-02-01,31.76,
1,21032760,2023-02-01,-95.77,-637.1
1,21047777,2023-02-01,699.12,
1,21142911,2023-02-01,610.9,-103.99
1,21293955,2023-02-01,232.88,
1,21314767,2023-02-01,678.73,-164.29000000000002
1,21368735,2023-02-01,136.1,-145.77
1,21392412,2023-02-01,708.46,
1,21464772,2023-02-01,719.8,
1,21475060,2023-02-01,354.98,
1,21515934,2023-02-01,416.63,-126.75
1,21550631,2023-02-01,84.96,
1,21558805,2023-02-01,586.63,
1,21601747,2023-02-01,352.44,-58.18
1,21618665,2023-02-01,67.65,-223.94
1,21646418,2023-02-01,909.55,
1,21655728,2023-02-01,761.31,
1,21675999,2023-02-01,1002.59,109.32
1,21694967,2023-02-01,90.13,
1,21705004,2023-02-01,496.88,
1,21711501,2023-02-01,252.99,126.36
1,21716351,2023-02-01,800.95,
1,21719977,2023-02-01,758.81,
1,21728352,2023-02-01,733.87,
1,21749252,2023-02-01,697.22,50.95
1,21750371,2023-02-01,329.19,
1,21816770,2023-02-01,693.8,
1,21844169,2023-02-01,460.47,-3.04
1,21844651,2023-02-01,525.16,
1,21881168,2023-02-01,950.62,
1,21898016,2023-02-01,117.42,
1,21918195,2023-02-01,510.33,
1,21966927,2023-02-01,511.1,
1,22027757,2023-02-01,836.78,-337.34000000000003
1,22035411,2023-02-01,9.55,
1,22054113,2023-02-01,398.02,33.36
1,22063978,2023-02-01,-24.859999999999957,-894.0899999999999
1,22099256,2023-02-01,523.78,
1,22137086,2023-02-01,410.35,
1,22268314,2023-02-01,-7.33,-160.38
1,22292682,2023-02-01,743.88,-130.44
1,22298371,2023-02-01,783.98,-107.18
1,22341160,2023-02-01,61.07,
1,22374612,2023-02-01,554.31,
1,22391508,2023-02-01,103.63,12.31
1,22393008,2023-02-01,753.5,
1,22403299,2023-02-01,702.95,
1,22404690,2023-02-01,726.06,
1,22412680,2023-02-01,637.99,
1,22483300,2023-02-01,763.23,
1,22683382,2023-02-01,894.78,-92.35
1,22696687,2023-02-01,133.52,
1,22730750,2023-02-01,1000.71,33.48
1,22799719,2023-02-01,481.26,
1,22830156,2023-02-01,596.06,
1,22833010,2023-02-01,587.79,-58.0
1,22846221,2023-02-01,688.6,-179.6
1,22884864,2023-02-01,521.87,
1,22888798,2023-02-01,326.4,
1,22951653,2023-02-01,432.25,17.61
1,23030554,2023-02-01,196.97,
1,23032852,2023-02-01,475.21,
1,23045208,2023-02-01,359.49,
1,23093541,2023-02-01,326.05,
1,23124345,2023-02-01,595.61,
1,23141588,2023-02-01,281.28,
1,23231848,2023-02-01,27.12,
1,23269253,2023-02-01,1224.36,899.8
1,23271383,2023-02-01,633.3,
1,23289647,2023-02-01,522.8,
1,23295106,2023-02-01,429.31,89.15
1,23310842,2023-02-01,78.85,
1,23321929,2023-02-01,408.3,
1,23325248,2023-02-01,49.31,
1,23333877,2023-02-01,525.23,-123.23
1,23369902,2023-02-01,846.7,129.91
1,23415061,2023-02-01,-30.9,-102.1
1,23445508,2023-02-01,373.43,
1,23479459,2023-02-01,176.23,
1,23490922,2023-02-01,934.35,
1,23498368,2023-02-01,576.05,101.12
1,23501735,2023-02-01,562.17,
1,23580422,2023-02-01,716.05,
1,23698615,2023-02-01,316.68,
1,23736501,2023-02-01,831.27,
1,23775829,2023-02-01,771.57,
1,23815822,2023-02-01,835.0,
1,23865100,2023-02-01,201.44,
1,23920423,2023-02-01,221.15,
1,23931414,2023-02-01,126.7,
1,23932793,2023-02-01,962.8,
1,23935849,2023-02-01,888.11,
1,23942646,2023-02-01,600.35,82.42
1,23959928,2023-02-01,878.83,
1,23962863,2023-02-01,-292.73,-599.8
1,23971753,2023-02-01,170.77,
1,24010877,2023-02-01,760.24,107.29
1,24051672,2023-02-01,429.37,
1,24076677,2023-02-01,494.74,
1,24085667,2023-02-01,327.2,78.1
1,24113784,2023-02-01,47.67,
1,24122572,2023-02-01,924.02,
1,24123707,2023-02-01,327.69,
1,24125563,2023-02-01,1006.61,98.33
1,24149353,2023-02-01,487.27,
1,24150990,2023-02-01,365.31,
1,24178466,2023-02-01,330.91,
1,24184530,2023-02-01,37.87,
1,24198488,2023-02-01,578.35,
1,24250015,2023-02-01,725.05,132.46
1,24285988,2023-02-01,783.9,
1,24298516,2023-02-01,694.26,-74.43
1,24299977,2023-02-01,158.87,-383.45
1,24308337,2023-02-01,764.57,
1,24370240,2023-02-01,562.94,-45.7
1,24382889,2023-02-01,14.23,
1,24406166,2023-02-01,746.97,
1,24434457,2023-02-01,385.3,
1,24462859,2023-02-01,646.0,
1,24510213,2023-02-01,142.59,
1,24513968,2023-02-01,1583.55,1277.2
1,24516638,2023-02-01,426.16,
1,24519138,2023-02-01,-65.81,-123.96
1,24529850,2023-02-01,800.79,
1,24531428,2023-02-01,565.21,
1,24533829,2023-02-01,309.42,118.62
1,24533935,2023-02-01,808.99,
1,24539679,2023-02-01,768.68,
1,24577383,2023-02-01,911.96,
1,24638469,2023-02-01,758.38,-209.89
1,24669065,2023-02-01,574.3,
1,24715803,2023-02-01,684.75,
1,24725325,2023-02-01,567.17,
1,24796881,2023-02-01,943.93,
1,24826358,2023-02-01,923.46,
1,24849103,2023-02-01,297.95,-83.41
1,24859951,2023-02-01,950.69,
1,24860683,2023-02-01,868.75,-114.22
1,24976861,2023-02-01,1074.48,91.95
1,24999129,2023-02-01,750.61,
1,25004339,2023-02-01,120.44,
1,25006771,2023-02-01,8076.950000000001,2077.2400000000002
1,25033680,2023-02-01,23.67,-615.8
1,25099734,2023-02-01,872.31,
1,25110012,2023-02-01,403.38,103.35
1,25133996,2023-02-01,419.22,
1,25146667,2023-02-01,-296.59,-830.7
1,25240031,2023-02-01,520.29,
1,25269707,2023-02-01,770.38,
1,25281513,2023-02-01,618.78,
1,25310962,2023-02-01,475.64,98.74
1,25318205,2023-02-01,582.9,
1,25406407,2023-02-01,450.11,56.06
1,25412464,2023-02-01,203.46,
1,25439304,2023-02-01,763.68,-126.4
1,25504032,2023-02-01,838.81,
1,25510430,2023-02-01,110.66,
1,25522226,2023-02-01,428.21,
1,25584693,2023-02-01,793.42,
1,25596483,2023-02-01,595.87,
1,25628234,2023-02-01,808.37,
1,25636885,2023-02-01,755.58,
1,25677428,2023-02-01,307.44,
1,25678043,2023-02-01,49.06,
1,25698177,2023-02-01,923.38,
1,25710768,2023-02-01,968.16,
1,25737886,2023-02-01,410.76,
1,25746852,2023-02-01,234.26,-86.44
1,25768265,2023-02-01,702.22,
1,25779398,2023-02-01,967.13,
1,25787771,2023-02-01,494.02,
1,25807378,2023-02-01,25.32,
1,25893329,2023-02-01,211.58,
1,25931435,2023-02-01,57.56,-69.52
1,25939481,2023-02-01,608.89,106.3
1,25941557,2023-02-01,370.54,-880.27
1,26008806,2023-02-01,553.23,
1,26023976,2023-02-01,681.17,
1,26070761,2023-02-01,641.67,
1,26087369,2023-02-01,605.87,-47.33
1,26101648,2023-02-01,9.84,
1,26102798,2023-02-01,104.08,
1,26109213,2023-02-01,698.97,
1,26115121,2023-02-01,466.67,
1,26118463,2023-02-01,1108.46,127.46
1,26248782,2023-02-01,70.58,
1,26375186,2023-02-01,804.02,
1,26432558,2023-02-01,2726.38,212.63
1,26506201,2023-02-01,592.7,
1,26522255,2023-02-01,283.67,
1,26528251,2023-02-01,539.97,
1,26632358,2023-02-01,1314.49,363.02
1,26643616,2023-02-01,564.06,-46.92999999999999
1,26669001,2023-02-01,70.04,
1,26675311,2023-02-01,989.13,
1,26751921,2023-02-01,800.07,
1,26791907,2023-02-01,139.81,-126.46
1,26793058,2023-02-01,384.98,
1,26863880,2023-02-01,818.47,
1,26874415,2023-02-01,19.62,
1,26884718,2023-02-01,688.12,114.47
1,26888158,2023-02-01,473.02,
1,26893181,2023-02-01,2921.29,-118.42000000000002
1,26906533,2023-02-01,312.58,
1,26907311,2023-02-01,842.69,
1,26953669,2023-02-01,894.43,81.22
1,26958171,2023-02-01,837.04,
1,26964507,2023-02-01,358.72,
1,26979446,2023-02-01,167.92,18.27
1,26985042,2023-02-01,248.7,
1,27010847,2023-02-01,22.29,-249.75
1,27108454,2023-02-01,423.96,
1,27117946,2023-02-01,342.03,
1,27170424,2023-02-01,211.66,
1,27193025,2023-02-01,242.27,54.7
1,27193470,2023-02-01,479.57,
1,27203821,2023-02-01,256.57,
1,27264533,2023-02-01,254.28,
1,27305999,2023-02-01,17.22,
1,27334998,2023-02-01,817.28,
1,27356852,2023-02-01,1279.94,289.53999999999996
1,27357010,2023-02-01,579.29,
1,27382109,2023-02-01,238.43,63.48
1,27388260,2023-02-01,39.64,
1,27389680,2023-02-01,815.68,
1,27415805,2023-02-01,902.28,
1,27430568,2023-02-01,514.21,-286.57
1,27580272,2023-02-01,352.81,
1,27582893,2023-02-01,639.21,
1,27585212,2023-02-01,150.57,
1,27589482,2023-02-01,623.57,129.54
1,27596004,2023-02-01,4866.93,1198.37
1,27600956,2023-02-01,84.39,
1,27625709,2023-02-01,538.84,-77.61
1,27628187,2023-02-01,344.63,
1,27713909,2023-02-01,199.77,
1,27806002,2023-02-01,565.08,
1,27821800,2023-02-01,322.23,
1,27845045,2023-02-01,217.81,80.9
1,27870202,2023-02-01,286.17,
1,27985160,2023-02-01,446.21,
1,28053942,2023-02-01,-1750.26,-1821.2
1,28063272,2023-02-01,252.41,
1,28142099,2023-02-01,420.86,
1,28222331,2023-02-01,658.44,242.86
1,28240243,2023-02-01,728.63,-122.07
1,28247818,2023-02-01,225.76,75.52
1,28251857,2023-02-01,517.59,85.99
1,28254911,2023-02-01,697.78,
1,28362321,2023-02-01,849.34,
1,28380949,2023-02-01,805.66,-131.58
1,28429440,2023-02-01,480.2,-57.95
1,28548067,2023-02-01,499.29,
1,28553155,2023-02-01,15.73,-131.36
1,28572979,2023-02-01,156.38,
1,28595197,2023-02-01,897.68,
1,28606808,2023-02-01,1.71,
1,28629966,2023-02-01,60.86,
1,28640713,2023-02-01,150.9,-53.43
1,28652960,2023-02-01,140.6,
1,28659160,2023-02-01,-57.17,-172.77
1,28680375,2023-02-01,337.2,
1,28696496,2023-02-01,150.57,
1,28738041,2023-02-01,907.31,
1,28743137,2023-02-01,781.13,
1,28745450,2023-02-01,321.2,163.82
1,28754062,2023-02-01,16.41,
1,28781155,2023-02-01,555.55,
1,28811285,2023-02-01,813.63,
1,28819175,2023-02-01,370.19,-44.29
1,28822117,2023-02-01,106.05,-98.74
1,28909144,2023-02-01,263.97,
1,28911002,2023-02-01,1997.76,1139.7
1,28969443,2023-02-01,12.77,
1,28976546,2023-02-01,325.42,-128.83
1,29000698,2023-02-01,954.02,
1,29017229,2023-02-01,950.07,
1,29039134,2023-02-01,218.26,
1,29043142,2023-02-01,210.89,
1,29052260,2023-02-01,639.05,
1,29061354,2023-02-01,180.47,
1,29074095,2023-02-01,599.29,86.91
1,29222005,2023-02-01,0.34,
1,29238925,2023-02-01,574.82,
1,29288598,2023-02-01,386.76,
1,29303323,2023-02-01,525.6,
1,29358670,2023-02-01,967.8,92.86
1,29422349,2023-02-01,623.61,
1,29464742,2023-02-01,557.11,
1,29473763,2023-02-01,724.82,
1,29489865,2023-02-01,854.53,
1,29523226,2023-02-01,910.16,102.6
1,29527534,2023-02-01,355.57,
1,29608056,2023-02-01,248.43,
1,29631870,2023-02-01,694.99,
1,29638033,2023-02-01,-958.74,-1905.12
1,29639626,2023-02-01,985.7,
1,29705419,2023-02-01,799.07,
1,29878790,2023-02-01,360.74,
1,29887258,2023-02-01,392.91,
1,29920698,2023-02-01,922.07,
1,29958061,2023-02-01,110.71,93.28
1,30030650,2023-02-01,414.27,
1,30058030,2023-02-01,39.21,
1,30093672,2023-02-01,939.77,
1,30110747,2023-02-01,1048.15,98.39
1,30112323,2023-02-01,1923.74,126.28
1,30196319,2023-02-01,689.01,-32.39
1,30227774,2023-02-01,447.55,-99.3
1,30235398,2023-02-01,973.95,
1,30237685,2023-02-01,751.93,
1,30279114,2023-02-01,1095.44,144.31
1,30312615,2023-02-01,659.36,
1,30324819,2023-02-01,823.45,
1,30340808,2023-02-01,895.41,
1,30372316,2023-02-01,189.39,
1,30374840,2023-02-01,564.42,
1,30396291,2023-02-01,803.37,
1,30409599,2023-02-01,117.47,
1,30428666,2023-02-01,393.33,
1,30484027,2023-02-01,400.36,127.65
1,30511779,2023-02-01,772.02,
1,30518350,2023-02-01,490.85,
1,30557885,2023-02-01,615.82,
1,30565855,2023-02-01,982.05,
1,30623117,2023-02-01,266.92,
1,30647433,2023-02-01,632.2,
1,30657838,2023-02-01,5324.29,2147.3500000000004
1,30671754,2023-02-01,621.9,
1,30672740,2023-02-01,355.33,
1,30688447,2023-02-01,555.31,
1,30718836,2023-02-01,1018.4399999999999,109.98999999999998
1,30723991,2023-02-01,310.02,
1,30758515,2023-02-01,138.13,102.39
1,30760024,2023-02-01,766.43,
1,30791105,2023-02-01,272.5,
1,30929422,2023-02-01,-78.44,-280.57
1,30970897,2023-02-01,-84.43,-141.6
1,30977834,2023-02-01,203.99,
1,30979429,2023-02-01,343.76,-70.34
1,30990911,2023-02-01,997.59,
1,31026801,2023-02-01,138.35,52.99
1,31131351,2023-02-01,278.94,
1,31150830,2023-02-01,-125.69,-161.85
1,31158381,2023-02-01,1616.98,363.12
1,31183587,2023-02-01,725.0,
1,31187024,2023-02-01,950.41,
1,31263913,2023-02-01,218.72,-48.78
1,31319183,2023-02-01,407.92,
1,31335654,2023-02-01,217.33,
1,31367758,2023-02-01,625.17,89.01
1,31392168,2023-02-01,615.42,
1,31525756,2023-02-01,444.7,81.02
1,31537778,2023-02-01,298.76,-36.43
1,31541158,2023-02-01,215.94,
1,31557275,2023-02-01,362.05,
1,31589468,2023-02-01,463.53999999999996,-885.27
1,31594938,2023-02-01,486.88,
1,31595213,2023-02-01,418.35,
1,31661113,2023-02-01,309.32,
1,31670977,2023-02-01,385.42,
1,31680976,2023-02-01,245.7,-82.09
1,31689747,2023-02-01,1011.78,104.57
1,31693244,2023-02-01,311.41,
1,31759645,2023-02-01,205.94,162.02
1,31770323,2023-02-01,666.66,
1,31774984,2023-02-01,1092.14,127.57
1,31826534,2023-02-01,541.64,
1,31830289,2023-02-01,860.84,44.29
1,31873155,2023-02-01,351.03,
1,31957459,2023-02-01,857.21,98.52
1,31978646,2023-02-01,393.51,
1,32019304,2023-02-01,2036.1599999999999,-43.610000000000014
1,32084810,2023-02-01,610.7,
1,32092491,2023-02-01,177.83,126.01
1,32109414,2023-02-01,1083.58,116.27
1,32131123,2023-02-01,758.69,
1,32192958,2023-02-01,209.37,
1,32221529,2023-02-01,887.75,
1,32221652,2023-02-01,-3925.58,-2909.8999999999996
1,32261620,2023-02-01,842.63,787.2
1,32275676,2023-02-01,889.61,
1,32308270,2023-02-01,976.53,
1,32312381,2023-02-01,646.08,-96.77
1,32312410,2023-02-01,817.47,
1,32370392,2023-02-01,369.09,
1,32386770,2023-02-01,582.9,-56.55
1,32390015,2023-02-01,529.35,
1,32400822,2023-02-01,987.34,
1,32408166,2023-02-01,-277.08,-735.22
1,32424424,2023-02-01,848.04,
1,32474004,2023-02-01,509.41,
1,32476086,2023-02-01,67.66,
1,32597705,2023-02-01,869.89,
1,32641357,2023-02-01,12.39,
1,32679915,2023-02-01,841.31,
1,32737909,2023-02-01,843.62,99.52
1,32803222,2023-02-01,747.0,-80.92
1,32824719,2023-02-01,492.57,-9.8
1,32888555,2023-02-01,781.33,
1,32930305,2023-02-01,49.71,
1,32934183,2023-02-01,917.81,
1,32973728,2023-02-01,321.03,
1,32991596,2023-02-01,922.4,166.48
1,33014501,2023-02-01,454.35,
1,33112628,2023-02-01,879.2,
1,33116647,2023-02-01,391.76,
1,33159039,2023-02-01,-139.69,-240.2
1,33168725,2023-02-01,300.09,88.65
1,33173974,2023-02-01,94.47,
1,33202593,2023-02-01,329.25,
1,33240853,2023-02-01,864.77,-120.69
1,33259781,2023-02-01,829.75,-93.43
1,33270307,2023-02-01,38.51,
1,33348876,2023-02-01,267.33,
1,33351056,2023-02-01,597.06,
1,33381880,2023-02-01,682.27,
1,33403100,2023-02-01,270.23,
1,33414190,2023-02-01,204.38,
1,33424425,2023-02-01,-31.52,-54.7
1,33470885,2023-02-01,531.96,
1,33505838,2023-02-01,76.39,
1,33527603,2023-02-01,413.42,
1,33527759,2023-02-01,245.55,
1,33561341,2023-02-01,851.47,102.31
1,33632099,2023-02-01,943.81,
1,33634912,2023-02-01,888.99,
1,33749113,2023-02-01,590.37,
1,33749812,2023-02-01,121.02,
1,33750944,2023-02-01,100.44,
1,33771855,2023-02-01,1553.7600000000002,-373.45000000000005
1,33806253,2023-02-01,998.62,151.18
1,33832864,2023-02-01,46.85,
1,33906740,2023-02-01,752.94,-67.52
1,33914941,2023-02-01,505.42,-160.48
1,33915504,2023-02-01,742.98,
1,33967237,2023-02-01,466.95,142.15
1,34017695,2023-02-01,751.66,79.2
1,34027487,2023-02-01,54.87,
1,34112514,2023-02-01,974.1,
1,34128127,2023-02-01,363.93,88.1
1,34158235,2023-02-01,50.76,
1,34190086,2023-02-01,956.77,65.9
1,34252525,2023-02-01,107.18,
1,34264499,2023-02-01,864.86,
1,34275044,2023-02-01,532.29,
1,34284479,2023-02-01,74.46,
1,34336001,2023-02-01,348.36,-48.39
1,34351752,2023-02-01,30.31,
1,34374766,2023-02-01,1047.62,131.53
1,34400277,2023-02-01,-1186.11,-1393.7
1,34403979,2023-02-01,282.2,181.06
1,34461285,2023-02-01,149.82,
1,34482885,2023-02-01,359.84,
1,34650969,2023-02-01,177.82,
1,34681193,2023-02-01,-33.36,-216.49
1,34866268,2023-02-01,516.92,
1,34867145,2023-02-01,212.16,
1,34902863,2023-02-01,-57.86,-89.22
1,34908905,2023-02-01,887.49,
1,34921262,2023-02-01,971.82,
1,34960760,2023-02-01,981.79,
1,35038984,2023-02-01,566.36,
1,35051369,2023-02-01,593.53,-43.65
1,35082945,2023-02-01,713.95,
1,35083564,2023-02-01,599.99,
1,35126236,2023-02-01,739.8,
1,35160368,2023-02-01,95.14,41.55
1,35177782,2023-02-01,79.03,
1,35194218,2023-02-01,984.54,142.2
1,35197451,2023-02-01,315.63,-96.06
1,35210460,2023-02-01,3913.37,1721.5700000000002
1,35293864,2023-02-01,524.08,-68.47
1,35321469,2023-02-01,270.83,76.26
1,35330225,2023-02-01,717.9,
1,35345678,2023-02-01,381.43,
1,35379604,2023-02-01,171.68,
1,35391237,2023-02-01,1209.62,-128.5
1,35391340,2023-02-01,767.36,-119.2
1,35405748,2023-02-01,19.49,
1,35445202,2023-02-01,972.48,
1,35506101,2023-02-01,713.65,
1,35510004,2023-02-01,723.62,
1,35539408,2023-02-01,469.13,
1,35540836,2023-02-01,138.6,120.69
1,35549277,2023-02-01,505.72,
1,35555120,2023-02-01,598.72,
1,35564578,2023-02-01,1658.1799999999998,258.56
1,35574156,2023-02-01,471.05,
1,35614465,2023-02-01,1188.94,71.03
1,35616763,2023-02-01,279.43,
1,35633136,2023-02-01,603.11,
1,35642953,2023-02-01,137.26,
1,35652360,2023-02-01,41.81,
1,35698347,2023-02-01,258.22,
1,35712712,2023-02-01,828.88,
1,35721788,2023-02-01,837.07,
1,35726421,2023-02-01,342.8,-36.3
1,35746207,2023-02-01,785.36,
1,35762783,2023-02-01,346.14,
1,35772673,2023-02-01,441.51,-76.39
1,35799522,2023-02-01,750.79,
1,35805852,2023-02-01,886.37,
1,35827625,2023-02-01,441.18,-4.45
1,35869347,2023-02-01,669.68,-99.06
1,35948735,2023-02-01,117.14,
1,35996817,2023-02-01,187.89,
1,36007496,2023-02-01,239.44,
1,36106467,2023-02-01,720.17,
1,36110938,2023-02-01,532.77,
1,36112473,2023-02-01,530.67,
1,36114551,2023-02-01,876.22,
1,36126802,2023-02-01,617.04,
1,36131723,2023-02-01,602.96,
1,36141472,2023-02-01,656.7,
1,36143004,2023-02-01,256.22,
1,36171568,2023-02-01,343.44,
1,36192947,2023-02-01,744.33,
1,36197772,2023-02-01,940.21,-21.82
1,36258926,2023-02-01,549.71,
1,36259936,2023-02-01,647.0,18.77
1,36296704,2023-02-01,491.31,
1,36327122,2023-02-01,808.81,
1,36389309,2023-02-01,469.45,
1,36393557,2023-02-01,407.12,
1,36419197,2023-02-01,627.78,
1,36425954,2023-02-01,93.85,
1,36519974,2023-02-01,922.41,
1,36549889,2023-02-01,760.2,
1,36551112,2023-02-01,963.19,-12.83
1,36596942,2023-02-01,550.9,
1,36611100,2023-02-01,485.06,
1,36636385,2023-02-01,851.49,-134.06
1,36668239,2023-02-01,566.32,
1,36692647,2023-02-01,710.29,
1,36696277,2023-02-01,548.85,153.43
1,36725272,2023-02-01,52.82,
1,36837451,2023-02-01,575.54,146.02
1,36841261,2023-02-01,44.72,-127.65
1,36849841,2023-02-01,593.56,
1,36871984,2023-02-01,949.89,
1,36949196,2023-02-01,614.22,
1,36982820,2023-02-01,1433.26,599.8
1,37004975,2023-02-01,635.77,
1,37017424,2023-02-01,-127.5,-184.35
1,37062632,2023-02-01,486.17,119.45
1,37146521,2023-02-01,453.37,-18.27
1,37164421,2023-02-01,302.68,
1,37247834,2023-02-01,-596.64,-1086.06
1,37256412,2023-02-01,24.43,
1,37267391,2023-02-01,713.35,-105.76
1,37273974,2023-02-01,533.14,
1,37274865,2023-02-01,95.23,
1,37297429,2023-02-01,614.42,-79.4
1,37319261,2023-02-01,574.42,
1,37369245,2023-02-01,372.25,-74.4
1,37407392,2023-02-01,822.17,
1,37443706,2023-02-01,621.08,
1,37503622,2023-02-01,630.18,
1,37510139,2023-02-01,546.33,
1,37528735,2023-02-01,368.39,
1,37561049,2023-02-01,823.37,-80.58
1,37599317,2023-02-01,177.32,
1,37642787,2023-02-01,396.03,
1,37658218,2023-02-01,1131.57,570.3
1,37678813,2023-02-01,767.56,
1,37767441,2023-02-01,638.27,-88.19
1,37789180,2023-02-01,854.05,
1,37796234,2023-02-01,992.46,
1,37830423,2023-02-01,285.5,
1,37878074,2023-02-01,522.87,-124.69
1,37905098,2023-02-01,389.98,
1,37936898,2023-02-01,640.94,-104.85
1,37945317,2023-02-01,8.24,
1,37953007,2023-02-01,440.78,
1,38032055,2023-02-01,416.47,
1,38038623,2023-02-01,526.98,
1,38124225,2023-02-01,943.59,
1,38157078,2023-02-01,756.55,
1,38224160,2023-02-01,701.82,
1,38291062,2023-02-01,404.26,-82.42
1,38316158,2023-02-01,138.4,
1,38346624,2023-02-01,740.09,
1,38395807,2023-02-01,463.52,
1,38428295,2023-02-01,690.12,
1,38429514,2023-02-01,555.44,-72.18
1,38442044,2023-02-01,106.95,
1,38487215,2023-02-01,1588.41,808.4
1,38495059,2023-02-01,14.18,
1,38502892,2023-02-01,600.32,
1,38528119,2023-02-01,165.9,
1,38558525,2023-02-01,833.07,
1,38564653,2023-02-01,647.95,
1,38587383,2023-02-01,1174.2800000000002,-65.03
1,38606148,2023-02-01,956.59,
1,38627867,2023-02-01,132.74,
1,38690875,2023-02-01,320.39,
1,38740782,2023-02-01,702.64,
1,38749064,2023-02-01,713.95,143.97
1,38764064,2023-02-01,700.29,52.17
1,38780970,2023-02-01,728.32,-118.27
1,38839019,2023-02-01,2195.51,884.11
1,38903150,2023-02-01,263.28,
1,38921478,2023-02-01,641.48,
1,38957380,2023-02-01,37.95,
1,38969279,2023-02-01,195.74,
1,38990596,2023-02-01,108.78,
1,38991889,2023-02-01,292.35,
1,39001531,2023-02-01,882.34,
1,39013360,2023-02-01,987.76,
1,39061853,2023-02-01,451.98,98.05
1,39093565,2023-02-01,107.2,
1,39097663,2023-02-01,326.42,
1,39122920,2023-02-01,445.68,
1,39123048,2023-02-01,1449.3600000000001,-9.230000000000004
1,39160879,2023-02-01,257.26,-186.89
1,39161053,2023-02-01,877.9499999999999,-14.75
1,39267013,2023-02-01,516.74,
1,39298122,2023-02-01,742.25,135.0
1,39360799,2023-02-01,-1065.39,-1870.4
1,39386771,2023-02-01,171.52,
1,39398476,2023-02-01,541.52,
1,39400991,2023-02-01,896.44,
1,39402264,2023-02-01,2248.34,1255.3
1,39427922,2023-02-01,662.57,-131.53
1,39491241,2023-02-01,564.0,
1,39502821,2023-02-01,924.88,
1,39504855,2023-02-01,890.63,
1,39516154,2023-02-01,620.87,
1,39516203,2023-02-01,689.19,
1,39529729,2023-02-01,512.1,86.44
1,39542358,2023-02-01,671.28,
1,39590347,2023-02-01,180.22,
1,39602737,2023-02-01,881.44,
1,39620163,2023-02-01,126.08,
1,39623640,2023-02-01,617.74,
1,39662559,2023-02-01,536.88,
1,39684993,2023-02-01,168.99,
1,39710099,2023-02-01,261.64,105.76
1,39744047,2023-02-01,505.93,
1,39749381,2023-02-01,576.13,
1,39772392,2023-02-01,826.5799999999999,-15.379999999999995
1,39822234,2023-02-01,718.73,
1,39863459,2023-02-01,387.4,
1,39875057,2023-02-01,126.02,
1,39920664,2023-02-01,627.45,
1,39974803,2023-02-01,567.93,
1,40004707,2023-02-01,206.15,
1,40039031,2023-02-01,124.72,
1,40048102,2023-02-01,519.25,
1,40082477,2023-02-01,40.63,-131.11
1,40082950,2023-02-01,322.41,
1,40091206,2023-02-01,899.06,86.72
1,40098771,2023-02-01,742.62,
1,40098912,2023-02-01,951.18,
1,40112082,2023-02-01,289.68,
1,40127778,2023-02-01,110.97,-85.77
1,40176462,2023-02-01,193.24,
1,40189934,2023-02-01,804.21,
1,40224914,2023-02-01,61.17,8.07
1,40247376,2023-02-01,209.78,
1,40374724,2023-02-01,505.43,-187.15
1,40436811,2023-02-01,445.93,
1,40507682,2023-02-01,611.31,86.68
1,40530538,2023-02-01,364.98,
1,40548885,2023-02-01,160.32,
1,40550712,2023-02-01,511.4,
1,40551490,2023-02-01,569.45,
1,40600852,2023-02-01,177.51,89.87
1,40631802,2023-02-01,104.96,
1,40673170,2023-02-01,220.15,95.49
1,40712298,2023-02-01,781.72,
1,40745545,2023-02-01,374.35,-85.94
1,40745965,2023-02-01,-610.15,-1264.3
1,40797438,2023-02-01,729.07,49.69
1,40813783,2023-02-01,288.51,
1,40872555,2023-02-01,115.88,
1,40898013,2023-02-01,650.33,
1,40906801,2023-02-01,269.22,185.45
1,41022448,2023-02-01,37.89,
1,41036701,2023-02-01,-553.31,-802.6
1,41038634,2023-02-01,802.08,
1,41085190,2023-02-01,78.73,
1,41170515,2023-02-01,713.46,
1,41194009,2023-02-01,585.15,
1,41211432,2023-02-01,504.28,6.689999999999998
1,41245288,2023-02-01,540.61,
1,41245805,2023-02-01,753.91,
1,41252281,2023-02-01,983.22,148.34
1,41282329,2023-02-01,38.05,-42.27
1,41356963,2023-02-01,398.3,
1,41420018,2023-02-01,816.5,
1,41542689,2023-02-01,246.73,
1,41561470,2023-02-01,1241.7,490.9
1,41574018,2023-02-01,811.12,140.73000000000002
1,41584073,2023-02-01,561.74,
1,41664336,2023-02-01,898.48,45.11
1,41706310,2023-02-01,802.46,188.15
1,41716822,2023-02-01,496.12,78.07
1,41741558,2023-02-01,435.71,
1,41755476,2023-02-01,72.71,
1,41773473,2023-02-01,423.47,68.47
1,41778536,2023-02-01,722.03,
1,41852767,2023-02-01,1108.04,114.68
1,41879906,2023-02-01,-51.76,-80.81
1,41881442,2023-02-01,817.3199999999999,-347.81
1,41914097,2023-02-01,921.06,
1,41919083,2023-02-01,720.21,-164.31
1,41954037,2023-02-01,768.8,
1,41972741,2023-02-01,374.09,
1,41981752,2023-02-01,843.61,
1,42017456,2023-02-01,947.67,
1,42181728,2023-02-01,51.89,
1,42202867,2023-02-01,614.83,
1,42232896,2023-02-01,647.99,
1,42235537,2023-02-01,972.4,807.2
1,42245590,2023-02-01,284.1,55.09
1,42255054,2023-02-01,1486.04,255.84999999999997
1,42268900,2023-02-01,662.02,140.67
1,42300418,2023-02-01,-657.01,-808.4
1,42311039,2023-02-01,255.68,156.73
1,42322494,2023-02-01,486.58,
1,42340050,2023-02-01,2244.33,184.78
1,42396753,2023-02-01,628.86,
1,42509068,2023-02-01,890.56,
1,42515631,2023-02-01,186.74,
1,42546381,2023-02-01,409.3,
1,42589255,2023-02-01,282.84,
1,42602631,2023-02-01,539.62,
1,42652193,2023-02-01,566.53,
1,42726921,2023-02-01,590.15,
1,42726928,2023-02-01,704.19,102.89
1,42746180,2023-02-01,12.15,
1,42752982,2023-02-01,526.19,
1,42783101,2023-02-01,228.66,-61.16
1,42813808,2023-02-01,633.08,
1,42838186,2023-02-01,523.03,56.55
1,42882563,2023-02-01,419.69,
1,42889744,2023-02-01,223.01,
1,43017336,2023-02-01,935.99,
1,43017598,2023-02-01,151.6,
1,43032836,2023-02-01,1786.67,217.86
1,43064169,2023-02-01,555.44,
1,43074888,2023-02-01,779.86,
1,43080619,2023-02-01,426.64,
1,43140934,2023-02-01,820.81,
1,43257373,2023-02-01,483.49,
1,43265708,2023-02-01,814.0,
1,43312288,2023-02-01,830.91,
1,43329727,2023-02-01,477.69,
1,43330367,2023-02-01,172.38,
1,43338400,2023-02-01,702.42,-80.7
1,43354643,2023-02-01,863.38,
1,43365633,2023-02-01,57.11,
1,43368978,2023-02-01,188.56,55.49
1,43387803,2023-02-01,646.4,
1,43417466,2023-02-01,940.86,66.84
1,43420385,2023-02-01,881.49,
1,43453543,2023-02-01,792.28,-98.39
1,43490748,2023-02-01,664.06,-143.86
1,43499771,2023-02-01,106.87,78.47
1,43541008,2023-02-01,518.75,105.55
1,43597919,2023-02-01,906.64,
1,43616790,2023-02-01,365.67,
1,43623061,2023-02-01,724.39,
1,43772330,2023-02-01,701.52,
1,43781476,2023-02-01,157.32,128.49
1,43811112,2023-02-01,99.92,
1,43830772,2023-02-01,158.17,
1,43843937,2023-02-01,79.03,
1,43858112,2023-02-01,538.83,-102.95
1,43860538,2023-02-01,478.05,
1,43892675,2023-02-01,997.95,
1,43930935,2023-02-01,651.22,
1,43979238,2023-02-01,239.04,170.96
1,44007497,2023-02-01,331.92,
1,44009985,2023-02-01,763.43,
1,44019515,2023-02-01,312.63,
1,44066457,2023-02-01,18.09,
1,44075619,2023-02-01,979.0,
1,44130477,2023-02-01,918.0,
1,44133867,2023-02-01,358.61,
1,44140049,2023-02-01,372.02,
1,44145489,2023-02-01,635.75,
1,44162563,2023-02-01,325.77,
1,44164363,2023-02-01,998.43,
1,44228646,2023-02-01,651.3,
1,44234432,2023-02-01,271.71,-127.46
1,44239230,2023-02-01,201.48,-189.46
1,44242297,2023-02-01,251.07,-136.95
1,44243236,2023-02-01,743.7,-54.25
1,44272912,2023-02-01,305.92,-142.26
1,44281556,2023-02-01,-46.7,-117.4
1,44310966,2023-02-01,361.02,
1,44317934,2023-02-01,2808.41,1888.2
1,44331942,2023-02-01,389.13,
1,44358901,2023-02-01,432.42,-144.31
1,44364430,2023-02-01,240.83,-65.61
1,44368280,2023-02-01,291.54,
1,44378133,2023-02-01,708.71,-12.5
1,44389169,2023-02-01,978.69,
1,44413402,2023-02-01,75.55,
1,44427272,2023-02-01,795.91,-174.19
1,44474369,2023-02-01,663.93,
1,44516940,2023-02-01,747.98,-182.19
1,44537960,2023-02-01,506.19,-168.84
1,44564500,2023-02-01,570.2,215.02
1,44586370,2023-02-01,440.56,
1,44626164,2023-02-01,915.14,
1,44662337,2023-02-01,887.8,119.68
1,44701536,2023-02-01,919.22,-76.18
1,44711172,2023-02-01,382.83,
1,44759468,2023-02-01,864.99,-97.92
1,44794340,2023-02-01,488.91,
1,44812075,2023-02-01,1465.41,601.7
1,44816910,2023-02-01,415.31,229.8
1,44873253,2023-02-01,660.51,
1,44902994,2023-02-01,876.11,85.77
1,44912164,2023-02-01,355.61,
1,45015534,2023-02-01,215.54,
1,45015570,2023-02-01,3458.66,892.62
1,45020832,2023-02-01,104.89,
1,45021115,2023-02-01,464.27,
1,45021398,2023-02-01,783.24,
1,45026430,2023-02-01,745.31,
1,45027876,2023-02-01,172.23,-155.38
1,45029598,2023-02-01,558.87,
1,45067158,2023-02-01,115.23,
1,45089475,2023-02-01,676.92,
1,45111669,2023-02-01,581.19,121.91
1,45161114,2023-02-01,417.03,134.43
1,45196342,2023-02-01,337.59,-64.89
1,45238909,2023-02-01,904.83,
1,45242171,2023-02-01,174.66,
1,45253870,2023-02-01,273.37,
1,45275334,2023-02-01,49.55,
1,45397824,2023-02-01,610.82,-130.8
1,45519330,2023-02-01,1337.85,-261.71000000000004
1,45543867,2023-02-01,502.34,82.42
1,45558696,2023-02-01,760.19,
1,45611838,2023-02-01,784.55,
1,45631973,2023-02-01,575.69,-187.01
1,45639009,2023-02-01,489.05,
1,45688415,2023-02-01,2080.62,1393.7
1,45706674,2023-02-01,-796.97,-1187.7
1,45740727,2023-02-01,904.27,
1,45790907,2023-02-01,3776.2799999999997,1376.6399999999999
1,45816894,2023-02-01,227.68,
1,45822265,2023-02-01,881.34,
1,45829157,2023-02-01,214.17,-147.6
1,45859156,2023-02-01,498.48,-146.02
1,45960045,2023-02-01,853.47,
1,45974864,2023-02-01,957.27,
1,46012936,2023-02-01,120.79,
1,46059921,2023-02-01,810.57,-95.21
1,46064017,2023-02-01,672.77,
1,46067647,2023-02-01,677.66,
1,46073044,2023-02-01,957.36,
1,46085917,2023-02-01,340.16,
1,46100177,2023-02-01,979.25,
1,46133743,2023-02-01,862.26,
1,46215382,2023-02-01,549.77,
1,46230315,2023-02-01,4.43,
1,46231176,2023-02-01,-491.88,-1234.99
1,46255563,2023-02-01,657.93,92.51
1,46322903,2023-02-01,873.01,
1,46326165,2023-02-01,571.8,
1,46346470,2023-02-01,787.87,
1,46355307,2023-02-01,-8.91,-161.31
1,46442210,2023-02-01,732.14,
1,46479025,2023-02-01,323.03,
1,46525458,2023-02-01,938.4,
1,46552077,2023-02-01,672.51,
1,46561814,2023-02-01,286.63,70.34
1,46597215,2023-02-01,455.5,
1,46597728,2023-02-01,920.72,
1,46643937,2023-02-01,751.73,
1,46663039,2023-02-01,1038.8,49.37
1,46730484,2023-02-01,398.49,
1,46741126,2023-02-01,393.18,
1,46768821,2023-02-01,458.81,
1,46790294,2023-02-01,1442.2600000000002,-212.73
1,46792863,2023-02-01,762.43,-81.07
1,46851905,2023-02-01,346.15,93.2
1,46854962,2023-02-01,718.33,-45.60999999999999
1,46879333,2023-02-01,462.44,
1,46913859,2023-02-01,290.51,-119.68
1,46920610,2023-02-01,249.02,124.86
1,46925211,2023-02-01,698.71,189.46
1,47040996,2023-02-01,332.12,-130.83
1,47091705,2023-02-01,-20.92,-75.52
1,47115177,2023-02-01,1544.15,-56.39
1,47127756,2023-02-01,300.02,
1,47133143,2023-02-01,541.16,-182.36
1,47172665,2023-02-01,11.06,
1,47226769,2023-02-01,576.38,126.5
1,47232232,2023-02-01,179.84,126.4
1,47266645,2023-02-01,207.15,
1,47313428,2023-02-01,204.67,
1,47356348,2023-02-01,65.95,
1,47406737,2023-02-01,1807.74,844.6
1,47414258,2023-02-01,900.7,
1,47473145,2023-02-01,801.43,
1,47483982,2023-02-01,661.58,
1,47582488,2023-02-01,744.99,
1,47654093,2023-02-01,294.0,
1,47763906,2023-02-01,980.42,
1,47781255,2023-02-01,462.62,
1,47808992,2023-02-01,885.16,
1,47824990,2023-02-01,704.97,
1,47886866,2023-02-01,399.75,
1,47902339,2023-02-01,919.92,
1,47932460,2023-02-01,685.64,-99.41
1,47964895,2023-02-01,982.97,
1,48018851,2023-02-01,288.26,
1,48029032,2023-02-01,422.88,
1,48050578,2023-02-01,203.26,
1,48056301,2023-02-01,943.28,
1,48071843,2023-02-01,609.72,-387.9
1,48075275,2023-02-01,1507.99,-176.69
1,48081999,2023-02-01,290.89,
1,48131431,2023-02-01,680.87,-128.93
1,48185625,2023-02-01,822.11,
1,48186857,2023-02-01,518.26,
1,48271608,2023-02-01,398.65,54.71
1,48318402,2023-02-01,965.28,
1,48350476,2023-02-01,305.2,
1,48399121,2023-02-01,984.98,
1,48429255,2023-02-01,79.7,
1,48434572,2023-02-01,238.01,-113.69
1,48444386,2023-02-01,962.57,
1,48491614,2023-02-01,875.33,120.88
1,48500030,2023-02-01,917.05,
1,48507357,2023-02-01,980.8,
1,48524535,2023-02-01,297.78,32.75
1,48532894,2023-02-01,662.86,
1,48553648,2023-02-01,80.62,
1,48569537,2023-02-01,-778.31,-1153.0
1,48591774,2023-02-01,506.97,84.03
1,48625559,2023-02-01,797.88,
1,48654969,2023-02-01,83.93,
1,48722022,2023-02-01,710.4,123.96
1,48733708,2023-02-01,407.0,-273.55
1,48757991,2023-02-01,818.2,141.6
1,48781678,2023-02-01,-454.95,-856.5
1,48783408,2023-02-01,278.34,
1,48799650,2023-02-01,244.1,83.35
1,48831634,2023-02-01,146.94,
1,48860469,2023-02-01,563.89,-166.48
1,48875351,2023-02-01,239.7,
1,48886521,2023-02-01,961.35,134.06
1,48906756,2023-02-01,996.87,
1,48911149,2023-02-01,580.54,
1,48930319,2023-02-01,763.18,167.53
1,48940493,2023-02-01,394.19,
1,48976336,2023-02-01,-1627.58,-2027.7
1,49031081,2023-02-01,788.18,
1,49031379,2023-02-01,440.64,67.01
1,49039474,2023-02-01,664.26,89.56
1,49071892,2023-02-01,909.58,
1,49075324,2023-02-01,301.39,
1,49095464,2023-02-01,39.529999999999994,-54.72999999999999
1,49127699,2023-02-01,239.16,83.63
1,49157903,2023-02-01,601.62,
1,49172838,2023-02-01,136.96,
1,49186099,2023-02-01,743.03,208.31
1,49216581,2023-02-01,157.01,-754.9
1,49253709,2023-02-01,956.08,-55.86
1,49310474,2023-02-01,2036.18,46.59
1,49400211,2023-02-01,672.86,212.62
1,49410021,2023-02-01,621.24,112.52
1,49427302,2023-02-01,468.73,
1,49441522,2023-02-01,234.94,159.64
1,49454023,2023-02-01,1579.62,780.9
1,49459559,2023-02-01,467.56,
1,49467252,2023-02-01,444.92,
1,49516533,2023-02-01,7.4,
1,49520335,2023-02-01,276.57,77.78
1,49533543,2023-02-01,190.64,
1,49534905,2023-02-01,383.91,
1,49536707,2023-02-01,-99.45,-136.75
1,49540328,2023-02-01,458.12,
1,49550154,2023-02-01,55.44,-122.7
1,49581833,2023-02-01,65.56,-52.0
1,49696722,2023-02-01,142.69,
1,49834565,2023-02-01,51.12,
1,49840526,2023-02-01,461.64,
1,49941860,2023-02-01,716.59,60.93
1,49961732,2023-02-01,1595.02,148.54
1,49966528,2023-02-01,774.47,133.29
1,50018070,2023-02-01,450.64,
1,50024545,2023-02-01,867.21,
1,50031425,2023-02-01,695.18,
1,50114041,2023-02-01,60.83,
1,50115324,2023-02-01,410.18,80.86
1,50122119,2023-02-01,1039.21,774.6
1,50132654,2023-02-01,562.17,
1,50150279,2023-02-01,567.24,
1,50161801,2023-02-01,180.69,
1,50217872,2023-02-01,667.95,
1,50219545,2023-02-01,1605.82,1057.7
1,50231864,2023-02-01,117.34,
1,50276595,2023-02-01,584.31,-102.6
1,50324230,2023-02-01,945.15,
1,50335174,2023-02-01,650.98,
1,50360111,2023-02-01,193.83,
1,50402197,2023-02-01,834.5,-534.62
1,50428641,2023-02-01,271.51,
1,50463777,2023-02-01,143.45,
1,50520009,2023-02-01,892.55,
1,50547726,2023-02-01,675.06,
1,50610780,2023-02-01,536.41,
1,50624960,2023-02-01,5.03,
1,50627436,2023-02-01,183.41,
1,50647892,2023-02-01,540.71,
1,50693024,2023-02-01,171.87,
1,50756739,2023-02-01,177.65,
1,50772829,2023-02-01,47.57,
1,50813708,2023-02-01,511.82,172.78
1,50837270,2023-02-01,613.53,
1,50880352,2023-02-01,12.46,
1,50887252,2023-02-01,464.78,
1,50893310,2023-02-01,185.13,
1,50959802,2023-02-01,724.26,-97.11
1,51079213,2023-02-01,713.31,-70.27
1,51102699,2023-02-01,626.91,
1,51122335,2023-02-01,219.24,
1,51198722,2023-02-01,559.63,
1,51266306,2023-02-01,2610.52,1094.8400000000001
1,51272805,2023-02-01,474.8,49.96000000000001
1,51298007,2023-02-01,427.17,
1,51313899,2023-02-01,-883.66,-1072.7
1,51325070,2023-02-01,1992.73,21.08
1,51353910,2023-02-01,523.88,
1,51358248,2023-02-01,222.93,
1,51389636,2023-02-01,917.98,
1,51398784,2023-02-01,909.2,
1,51401655,2023-02-01,877.47,
1,51435617,2023-02-01,140.46,
1,51450938,2023-02-01,157.37,
1,51471469,2023-02-01,611.19,
1,51493379,2023-02-01,505.67,69.52
1,51504474,2023-02-01,372.96,219.71
1,51653690,2023-02-01,202.01,-78.4
1,51653868,2023-02-01,410.88,
1,51718829,2023-02-01,260.45,
1,51771015,2023-02-01,876.29,
1,51774315,2023-02-01,291.01,
1,51793205,2023-02-01,715.25,
1,51906599,2023-02-01,49.34,-125.14
1,52104303,2023-02-01,810.97,
1,52117174,2023-02-01,932.96,
1,52125171,2023-02-01,1085.94,112.77
1,52127978,2023-02-01,84.8,
1,52141048,2023-02-01,102.68,
1,52146995,2023-02-01,391.92,69.4
1,52203356,2023-02-01,899.39,
1,52213806,2023-02-01,597.62,
1,52230539,2023-02-01,394.34,
1,52264506,2023-02-01,934.07,
1,52310499,2023-02-01,954.51,
1,52317175,2023-02-01,25.94,
1,52365238,2023-02-01,822.17,
1,52366360,2023-02-01,465.67,
1,52390463,2023-02-01,320.4,147.58
1,52436120,2023-02-01,904.47,
1,52442629,2023-02-01,617.92,
1,52461586,2023-02-01,596.3,
1,52468167,2023-02-01,266.66,-102.76
1,52480554,2023-02-01,263.38,
1,52560688,2023-02-01,622.16,
1,52747145,2023-02-01,546.71,
1,52756904,2023-02-01,428.77,
1,52805510,2023-02-01,580.66,
1,52814597,2023-02-01,-922.21,-1821.6
1,52835507,2023-02-01,219.77,-86.91
1,52840001,2023-02-01,834.31,88.19
1,52855120,2023-02-01,1040.69,160.48
1,52911248,2023-02-01,268.27,-161.89
1,52973634,2023-02-01,417.09,
1,52996436,2023-02-01,969.38,86.03
1,53006272,2023-02-01,761.95,
1,53010345,2023-02-01,131.63,
1,53046005,2023-02-01,706.25,36.43
1,53059420,2023-02-01,433.93,-97.79
1,53079883,2023-02-01,489.35,
1,53085668,2023-02-01,199.11,
1,53086727,2023-02-01,408.74,
1,53089607,2023-02-01,729.76,161.89
1,53091928,2023-02-01,235.6,
1,53107499,2023-02-01,320.95,83.86
1,53161068,2023-02-01,945.53,
1,53170488,2023-02-01,219.2,
1,53192110,2023-02-01,588.04,
1,53204515,2023-02-01,689.65,
1,53211412,2023-02-01,69.51,
1,53234515,2023-02-01,784.17,-70.5
1,53240505,2023-02-01,188.87,
1,53260868,2023-02-01,1175.08,208.23
1,53332086,2023-02-01,273.51,
1,53366488,2023-02-01,452.59,115.41
1,53376344,2023-02-01,228.65,
1,53380359,2023-02-01,-132.48,-133.29
1,53421312,2023-02-01,937.86,
1,53496996,2023-02-01,449.43,146.28
1,53502347,2023-02-01,-284.84000000000003,-406.76
1,53513558,2023-02-01,235.44,
1,53518299,2023-02-01,837.69,-116.27
1,53538823,2023-02-01,750.37,
1,53634705,2023-02-01,853.12,
1,53665038,2023-02-01,624.95,
1,53727603,2023-02-01,517.25,
1,53753986,2023-02-01,252.69,
1,53754887,2023-02-01,162.05,
1,53762957,2023-02-01,144.66,-101.12
1,53764356,2023-02-01,531.25,83.37
1,53831793,2023-02-01,799.66,
1,53845552,2023-02-01,285.52,
1,53845615,2023-02-01,597.04,
1,53858816,2023-02-01,447.18,-92.2
1,53884266,2023-02-01,21.72,
1,53884626,2023-02-01,478.38,
1,53887772,2023-02-01,541.43,
1,53959112,2023-02-01,103.99,
1,53960481,2023-02-01,490.82,
1,53971767,2023-02-01,834.63,-124.24
1,53977562,2023-02-01,398.76,
1,54032229,2023-02-01,176.12,
1,54033811,2023-02-01,346.5,-188.33
1,54067346,2023-02-01,180.91,
1,54071589,2023-02-01,765.81,
1,54137851,2023-02-01,30.67,
1,54154999,2023-02-01,1069.32,107.18
1,54189995,2023-02-01,401.27,
1,54230889,2023-02-01,597.31,
1,54278560,2023-02-01,-5.66,-167.46
1,54288062,2023-02-01,336.75,
1,54300071,2023-02-01,905.65,588.3
1,54301151,2023-02-01,408.16,
1,54307382,2023-02-01,452.52,
1,54349805,2023-02-01,752.49,
1,54377130,2023-02-01,425.86,
1,54377538,2023-02-01,845.93,
1,54405539,2023-02-01,397.2,
1,54452317,2023-02-01,358.39,
1,54458410,2023-02-01,973.1,
1,54541943,2023-02-01,433.92,
1,54565625,2023-02-01,621.4,148.64
1,54570251,2023-02-01,430.68,
1,54589543,2023-02-01,817.51,
1,54673873,2023-02-01,71.58,
1,54720837,2023-02-01,166.15,
1,54786481,2023-02-01,96.87,
1,54824933,2023-02-01,721.47,
1,54852109,2023-02-01,521.7,
1,54868017,2023-02-01,789.86,
1,54878364,2023-02-01,80.24,
1,54910290,2023-02-01,11.12,
1,54932317,2023-02-01,378.86,
1,54937975,2023-02-01,218.66,
1,54958511,2023-02-01,454.61,
1,54958587,2023-02-01,874.83,
1,54997427,2023-02-01,825.84,
1,55009163,2023-02-01,435.8,
1,55022533,2023-02-01,341.29,
1,55088029,2023-02-01,767.67,-152.86
1,55106431,2023-02-01,460.48,
1,55122249,2023-02-01,43.86,
1,55168205,2023-02-01,500.3,-78.1
1,55304418,2023-02-01,968.71,
1,55341552,2023-02-01,768.94,
1,55353228,2023-02-01,923.38,
1,55397453,2023-02-01,917.65,96.77
1,55398856,2023-02-01,17.93,-645.5
1,55459151,2023-02-01,451.21,
1,55472786,2023-02-01,634.29,
1,55513887,2023-02-01,722.45,
1,55552232,2023-02-01,1106.46,152.59
1,55590263,2023-02-01,794.44,189.32
1,55607955,2023-02-01,274.23,
1,55714753,2023-02-01,703.59,
1,55753843,2023-02-01,524.57,
1,55791547,2023-02-01,758.17,
1,55795603,2023-02-01,241.17,
1,55819086,2023-02-01,1726.75,300.59999999999997
1,55912413,2023-02-01,297.61,
1,55916056,2023-02-01,377.36,
1,55975906,2023-02-01,112.69,
1,55986027,2023-02-01,38.94,
1,55986093,2023-02-01,586.34,
1,56041976,2023-02-01,56.45,
1,56070421,2023-02-01,286.85,
1,56094156,2023-02-01,531.43,
1,56116199,2023-02-01,486.15,-129.83
1,56120063,2023-02-01,94.32,
1,56189750,2023-02-01,365.48,
1,56297850,2023-02-01,205.79,-114.68
1,56422161,2023-02-01,990.84,
1,56453199,2023-02-01,534.16,-71.22
1,56458213,2023-02-01,143.0,-588.3
1,56468624,2023-02-01,655.33,
1,56483442,2023-02-01,151.85,
1,56573058,2023-02-01,164.18,129.52
1,56609826,2023-02-01,14.24,
1,56723864,2023-02-01,117.72,-128.49
1,56751728,2023-02-01,610.52,
1,56759680,2023-02-01,479.7,
1,56760248,2023-02-01,571.55,
1,56842874,2023-02-01,22.02,
1,56843498,2023-02-01,632.25,122.7
1,56875373,2023-02-01,562.06,-71.73
1,56878640,2023-02-01,846.85,
1,56899079,2023-02-01,445.39,
1,56922739,2023-02-01,174.07,
1,56936624,2023-02-01,503.74,
1,56946115,2023-02-01,298.13,
1,57027965,2023-02-01,979.57,
1,57043647,2023-02-01,448.71,-103.35
1,57063886,2023-02-01,384.17,
1,57071366,2023-02-01,2060.24,156.76
1,57084496,2023-02-01,3036.1,1861.3000000000002
1,57096259,2023-02-01,540.54,
1,57108303,2023-02-01,737.04,
1,57121657,2023-02-01,983.45,135.55
1,57133159,2023-02-01,734.4,
1,57145139,2023-02-01,708.46,
1,57148382,2023-02-01,719.65,81.16
1,57160773,2023-02-01,899.1,96.2
1,57186194,2023-02-01,718.36,-106.33
1,57224848,2023-02-01,30.59,
1,57273397,2023-02-01,403.21,
1,57300901,2023-02-01,237.52,-65.35
1,57302841,2023-02-01,413.21,72.19
1,57372684,2023-02-01,360.74,111.48
1,57395511,2023-02-01,747.89,
1,57413609,2023-02-01,219.01,
1,57426365,2023-02-01,2441.71,282.87
1,57436108,2023-02-01,899.46,
1,57446648,2023-02-01,542.41,
1,57450523,2023-02-01,609.41,
1,57507102,2023-02-01,290.03,-84.14
1,57584855,2023-02-01,-45.51,-83.37
1,57610201,2023-02-01,931.52,
1,57612494,2023-02-01,499.3,
1,57675131,2023-02-01,410.85,
1,57687949,2023-02-01,662.12,119.2
1,57717550,2023-02-01,1799.52,15.529999999999987
1,57790631,2023-02-01,788.3,-105.16
1,57886631,2023-02-01,369.6,
1,57897038,2023-02-01,361.05,-38.67
1,57941886,2023-02-01,270.81,
1,57948925,2023-02-01,194.11,
1,57975842,2023-02-01,101.94,
1,58009817,2023-02-01,887.22,
1,58099419,2023-02-01,33.45,-152.29
1,58126511,2023-02-01,940.27,
1,58176810,2023-02-01,219.07,
1,58182495,2023-02-01,223.57,
1,58216756,2023-02-01,642.13,
1,58249518,2023-02-01,14.63,
1,58254002,2023-02-01,2.87,-91.66
1,58258401,2023-02-01,873.05,
1,58265755,2023-02-01,650.94,156.89
1,58290957,2023-02-01,580.25,
1,58304487,2023-02-01,5.31,
1,58305943,2023-02-01,1028.58,58.02
1,58306431,2023-02-01,473.67,-102.89
1,58332273,2023-02-01,299.3,
1,58345258,2023-02-01,749.07,
1,58362636,2023-02-01,89.45,
1,58384131,2023-02-01,486.25,158.57
1,58385320,2023-02-01,693.52,
1,58400012,2023-02-01,678.52,71.73
1,58434725,2023-02-01,365.9,
1,58458443,2023-02-01,903.64,
1,58489789,2023-02-01,460.5,
1,58491429,2023-02-01,937.47,
1,58533748,2023-02-01,490.86,
1,58547184,2023-02-01,218.22,
1,58558145,2023-02-01,495.35,
1,58586275,2023-02-01,916.97,
1,58668564,2023-02-01,707.43,-105.85
1,58683711,2023-02-01,-102.64,-115.4
1,58703801,2023-02-01,520.81,
1,58720727,2023-02-01,471.56,
1,58728550,2023-02-01,250.26,
1,58785108,2023-02-01,535.28,61.87
1,58810775,2023-02-01,685.44,-62.0
1,58811985,2023-02-01,616.7,
1,58822254,2023-02-01,79.7,
1,58830897,2023-02-01,834.24,
1,58837121,2023-02-01,160.48,
1,58873428,2023-02-01,191.58,
1,58874842,2023-02-01,294.64,-53.09
1,58897654,2023-02-01,210.05,
1,58925998,2023-02-01,855.45,
1,58930654,2023-02-01,661.48,
1,58937028,2023-02-01,626.96,
1,58995891,2023-02-01,12.92,
1,59110895,2023-02-01,605.5,
1,59128512,2023-02-01,464.63,158.92
1,59135815,2023-02-01,-559.4,-800.0
1,59152169,2023-02-01,219.1,70.5
1,59167707,2023-02-01,795.11,-109.32
1,59198134,2023-02-01,122.62,
1,59201002,2023-02-01,2058.03,296.34000000000003
1,59235925,2023-02-01,581.37,-66.43
1,59238438,2023-02-01,118.07,12.97
1,59252971,2023-02-01,803.65,
1,59265775,2023-02-01,750.87,55.85
1,59379884,2023-02-01,139.54,
1,59405362,2023-02-01,1357.6999999999998,213.41
1,59432049,2023-02-01,530.56,142.99
1,59450573,2023-02-01,888.65,
1,59455653,2023-02-01,4.64,
1,59510370,2023-02-01,523.1,
1,59529922,2023-02-01,386.18,-129.91
1,59575867,2023-02-01,576.66,
1,59591324,2023-02-01,509.65,
1,59640238,2023-02-01,993.42,
1,59653557,2023-02-01,649.61,
1,59663741,2023-02-01,642.86,
1,59684752,2023-02-01,-105.02,-119.45
1,59705091,2023-02-01,631.05,
1,59737910,2023-02-01,523.19,
1,59855808,2023-02-01,172.54,
1,59867000,2023-02-01,62.01,
1,59876714,2023-02-01,1408.06,469.6
1,59933973,2023-02-01,29.98,
1,59961433,2023-02-01,451.13,-130.3
1,59980709,2023-02-01,880.98,99.56
1,59984692,2023-02-01,818.03,
1,59989722,2023-02-01,816.77,
1,60017511,2023-02-01,859.48,
1,60114464,2023-02-01,972.56,
1,60138058,2023-02-01,686.46,
1,60184250,2023-02-01,70.89,
1,60189055,2023-02-01,814.54,
1,60193174,2023-02-01,740.53,
1,60202402,2023-02-01,783.7,
1,60220702,2023-02-01,937.23,
1,60222199,2023-02-01,350.4,
1,60238192,2023-02-01,307.97,
1,60367416,2023-02-01,754.86,
1,60371134,2023-02-01,444.57,
1,60383549,2023-02-01,306.82,38.67
1,60417212,2023-02-01,193.41999999999996,-1043.8
1,60459342,2023-02-01,734.15,
1,60522190,2023-02-01,965.46,
1,60659147,2023-02-01,183.75,-140.1
1,60667043,2023-02-01,937.62,
1,60684197,2023-02-01,752.92,
1,60707792,2023-02-01,559.71,-3.5
1,60711202,2023-02-01,869.92,
1,60730902,2023-02-01,226.11,-17.61
1,60751083,2023-02-01,115.23,
1,60755797,2023-02-01,207.78,
1,60789634,2023-02-01,379.4,
1,60819695,2023-02-01,38.96,
1,60860851,2023-02-01,17.96,
1,60866500,2023-02-01,523.13,
1,60916657,2023-02-01,893.41,
1,60930856,2023-02-01,445.07,
1,60955647,2023-02-01,546.28,
1,60966485,2023-02-01,1559.38,-52.72
1,60996794,2023-02-01,27.98,
1,61087394,2023-02-01,234.5,121.69
1,61101757,2023-02-01,992.2,
1,61152319,2023-02-01,395.86,-75.45
1,61178950,2023-02-01,104.88,
1,61181609,2023-02-01,-101.73,-146.28
1,61279456,2023-02-01,814.3,
1,61419726,2023-02-01,932.41,
1,61423373,2023-02-01,87.17,
1,61450849,2023-02-01,243.99,-646.2
1,61493381,2023-02-01,556.97,-12.97
1,61512912,2023-02-01,328.0,
1,61555609,2023-02-01,505.76,
1,61578713,2023-02-01,209.89,
1,61582769,2023-02-01,325.47,
1,61593392,2023-02-01,621.21,
1,61634340,2023-02-01,-64.79,-148.64
1,61642813,2023-02-01,760.74,
1,61644310,2023-02-01,709.97,
1,61649729,2023-02-01,848.76,
1,61661386,2023-02-01,524.42,
1,61676204,2023-02-01,88.85,
1,61682186,2023-02-01,959.96,
1,61687835,2023-02-01,739.0,
1,61720005,2023-02-01,687.35,
1,61724951,2023-02-01,656.25,
1,61781801,2023-02-01,699.78,
1,61847987,2023-02-01,874.22,
1,61860337,2023-02-01,892.77,
1,61884944,2023-02-01,123.93,
1,61941956,2023-02-01,137.19,
1,61979134,2023-02-01,574.77,
1,61999896,2023-02-01,788.63,
1,62077439,2023-02-01,678.77,345.3
1,62141083,2023-02-01,17.63,
1,62147353,2023-02-01,783.96,
1,62158499,2023-02-01,581.72,
1,62191488,2023-02-01,1458.02,36.64999999999999
1,62213525,2023-02-01,993.88,948.2
1,62222306,2023-02-01,304.45,
1,62227017,2023-02-01,177.72,
1,62251465,2023-02-01,208.2,-96.35
1,62256127,2023-02-01,784.39,
1,62276269,2023-02-01,575.1,
1,62289297,2023-02-01,802.44,
1,62320219,2023-02-01,178.4,
1,62332278,2023-02-01,1090.4,119.74
1,62362650,2023-02-01,1094.54,-336.87
1,62412215,2023-02-01,766.15,
1,62414886,2023-02-01,489.04,
1,62470872,2023-02-01,436.81,
1,62477219,2023-02-01,715.67,
1,62511159,2023-02-01,347.79,
1,62567104,2023-02-01,-70.78,-124.73
1,62580854,2023-02-01,421.59,
1,62584374,2023-02-01,464.19,130.11
1,62671957,2023-02-01,264.54,96.51
1,62716405,2023-02-01,531.19,
1,62746004,2023-02-01,638.36,
1,62756075,2023-02-01,896.87,
1,62780588,2023-02-01,828.86,
1,62862427,2023-02-01,368.73,-176.41
1,63014981,2023-02-01,222.98,
1,63057168,2023-02-01,159.71,
1,63102647,2023-02-01,742.95,77.81
1,63232279,2023-02-01,1050.05,118.27
1,63265361,2023-02-01,935.22,
1,63280767,2023-02-01,836.58,
1,63298193,2023-02-01,259.55,
1,63301094,2023-02-01,532.03,
1,63381038,2023-02-01,541.91,
1,63405199,2023-02-01,18.35,
1,63412767,2023-02-01,715.41,
1,63486424,2023-02-01,531.83,
1,63534397,2023-02-01,451.25,
1,63556863,2023-02-01,633.9,-0.5
1,63569270,2023-02-01,949.8,
1,63635633,2023-02-01,202.35,
1,63714888,2023-02-01,710.3,77.55
1,63746530,2023-02-01,874.63,
1,63845700,2023-02-01,856.95,
1,63863096,2023-02-01,819.23,
1,63959769,2023-02-01,938.58,
1,63977699,2023-02-01,140.44,
1,64034275,2023-02-01,1773.57,-84.71000000000001
1,64065043,2023-02-01,245.44,
1,64093529,2023-02-01,748.57,
1,64108699,2023-02-01,71.97,
1,64123632,2023-02-01,358.39,
1,64160490,2023-02-01,222.89,
1,64167315,2023-02-01,145.11,
1,64168292,2023-02-01,297.09,
1,64177019,2023-02-01,298.31,
1,64226824,2023-02-01,794.79,
1,64228624,2023-02-01,508.14,
1,64237458,2023-02-01,179.86,-75.62
1,64299012,2023-02-01,638.39,128.83
1,64300289,2023-02-01,472.59,
1,64303157,2023-02-01,689.06,-9.32
1,64305805,2023-02-01,308.1,126.64
1,64331821,2023-02-01,519.62,
1,64402841,2023-02-01,690.68,-61.08
1,64411319,2023-02-01,619.06,
1,64460080,2023-02-01,227.38,-85.99
1,64462046,2023-02-01,847.04,
1,64486954,2023-02-01,378.0,
1,64526097,2023-02-01,491.42,
1,64533535,2023-02-01,535.88,
1,64571970,2023-02-01,693.34,
1,64590882,2023-02-01,344.01,
1,64610632,2023-02-01,869.95,
1,64683004,2023-02-01,962.96,614.1
1,64716185,2023-02-01,391.53,
1,64769583,2023-02-01,598.67,
1,64893719,2023-02-01,689.59,
1,64901797,2023-02-01,672.29,
1,64953936,2023-02-01,311.46,
1,64958880,2023-02-01,905.69,64.89
1,64979248,2023-02-01,202.63,
1,64990799,2023-02-01,480.33,
1,65009032,2023-02-01,984.64,
1,65033625,2023-02-01,688.2,198.28
1,65052411,2023-02-01,877.5,
1,65097827,2023-02-01,526.75,
1,65125795,2023-02-01,632.35,
1,65143384,2023-02-01,227.08,
1,65159654,2023-02-01,761.19,
1,65199307,2023-02-01,602.79,304.76
1,65200379,2023-02-01,4.27,
1,65220738,2023-02-01,783.76,-89.8
1,65225040,2023-02-01,826.42,
1,65280102,2023-02-01,2.17,
1,65321237,2023-02-01,425.42,
1,65380590,2023-02-01,683.96,
1,65429379,2023-02-01,676.6,132.72
1,65534206,2023-02-01,502.66999999999996,-110.05999999999999
1,65579734,2023-02-01,928.08,
1,65583532,2023-02-01,542.09,
1,65589565,2023-02-01,321.99,
1,65596186,2023-02-01,254.28,
1,65603779,2023-02-01,531.37,-121.46
1,65606472,2023-02-01,405.1,
1,65721172,2023-02-01,221.49,
1,65724980,2023-02-01,374.36,66.43
1,65754176,2023-02-01,890.74,174.19
1,65782923,2023-02-01,193.43,
1,65804470,2023-02-01,454.38,
1,65815967,2023-02-01,0.43,
1,65926576,2023-02-01,73.48,
1,65988118,2023-02-01,647.81,
1,66008535,2023-02-01,462.1,63.11
1,66022888,2023-02-01,814.51,57.37
1,66044567,2023-02-01,596.13,
1,66152145,2023-02-01,83.45,
1,66168472,2023-02-01,29.89,
1,66175264,2023-02-01,765.91,
1,66187843,2023-02-01,423.17,-112.17
1,66239954,2023-02-01,181.14,
1,66257438,2023-02-01,896.97,78.4
1,66283493,2023-02-01,612.88,
1,66332583,2023-02-01,241.29,
1,66341438,2023-02-01,685.06,
1,66390683,2023-02-01,-51.7,-104.47
1,66416254,2023-02-01,166.4,
1,66445304,2023-02-01,327.78,174.0
1,66449974,2023-02-01,795.59,
1,66504443,2023-02-01,618.97,
1,66521788,2023-02-01,74.02,-127.41
1,66556141,2023-02-01,688.37,
1,66586860,2023-02-01,2011.21,1072.7
1,66601462,2023-02-01,361.46,
1,66624477,2023-02-01,521.98,
1,66667727,2023-02-01,577.08,145.77
1,66681692,2023-02-01,712.12,
1,66700123,2023-02-01,68.69,-106.46
1,66704269,2023-02-01,915.51,
1,66706067,2023-02-01,1.98,
1,66729131,2023-02-01,100.8,
1,66896515,2023-02-01,842.82,
1,66914990,2023-02-01,666.42,-98.33
1,66930564,2023-02-01,398.03,
1,66954664,2023-02-01,620.1,
1,67029298,2023-02-01,194.95,-60.58
1,67056187,2023-02-01,392.51,
1,67090449,2023-02-01,724.35,
1,67102224,2023-02-01,956.39,103.68
1,67104073,2023-02-01,476.04,
1,67147649,2023-02-01,3.28,
1,67153119,2023-02-01,1045.37,18.14999999999999
1,67157564,2023-02-01,1715.42,1153.0
1,67190209,2023-02-01,642.01,74.4
1,67270354,2023-02-01,805.28,
1,67283010,2023-02-01,872.4,
1,67392638,2023-02-01,519.61,
1,67400117,2023-02-01,769.45,
1,67434874,2023-02-01,399.94,
1,67464890,2023-02-01,81.27,
1,67466632,2023-02-01,476.81,126.75
1,67489489,2023-02-01,100.77,-118.62
1,67490657,2023-02-01,588.58,
1,67502738,2023-02-01,185.72,
1,67532228,2023-02-01,805.91,
1,67541253,2023-02-01,985.49,
1,67561762,2023-02-01,639.58,170.35
1,67571676,2023-02-01,491.88,
1,67635951,2023-02-01,1796.5700000000002,245.07
1,67674594,2023-02-01,187.32,61.16
1,67679622,2023-02-01,773.4,142.37
1,67716893,2023-02-01,250.99,
1,67805276,2023-02-01,431.12,
1,67837998,2023-02-01,246.4,
1,67862200,2023-02-01,944.49,
1,67902154,2023-02-01,1487.48,-566.9
1,67909830,2023-02-01,589.68,
1,67911201,2023-02-01,827.43,65.26
1,67911677,2023-02-01,725.9,
1,67938929,2023-02-01,742.66,-125.38
1,67961706,2023-02-01,569.5,
1,67987326,2023-02-01,10.49,-151.18
1,68051701,2023-02-01,911.6,
1,68104946,2023-02-01,925.71,
1,68153614,2023-02-01,927.95,
1,68189902,2023-02-01,448.56,
1,68198696,2023-02-01,979.46,
1,68239576,2023-02-01,770.51,238.62
1,68262083,2023-02-01,899.79,
1,68275028,2023-02-01,797.52,-120.92
1,68294036,2023-02-01,184.64,
1,68294645,2023-02-01,339.69,33.51
1,68311266,2023-02-01,-152.64,-239.72
1,68315462,2023-02-01,921.45,152.29
1,68346907,2023-02-01,-91.72,-844.6
1,68393439,2023-02-01,920.8,137.75
1,68423238,2023-02-01,972.94,
1,68483071,2023-02-01,25.88,
1,68484031,2023-02-01,853.99,
1,68552857,2023-02-01,309.92,
1,68552994,2023-02-01,453.3,-62.95
1,68558850,2023-02-01,362.31,80.81
1,68579203,2023-02-01,149.39,
1,68680764,2023-02-01,200.27,
1,68683403,2023-02-01,674.5,
1,68689742,2023-02-01,45.41,
1,68708795,2023-02-01,399.11,
1,68721707,2023-02-01,900.45,
1,68775529,2023-02-01,531.87,
1,68786878,2023-02-01,512.06,
1,68793483,2023-02-01,581.36,
1,68798691,2023-02-01,706.81,-112.52
1,68800062,2023-02-01,749.65,
1,68836810,2023-02-01,171.96,
1,68891568,2023-02-01,844.06,
1,68928221,2023-02-01,502.06,
1,68962066,2023-02-01,304.46,
1,68973836,2023-02-01,751.24,116.57
1,69008969,2023-02-01,716.37,
1,69090518,2023-02-01,473.87,
1,69118170,2023-02-01,260.76,151.41
1,69153577,2023-02-01,402.52,
1,69302678,2023-02-01,568.08,
1,69306093,2023-02-01,189.46,
1,69307050,2023-02-01,623.84,
1,69315008,2023-02-01,3878.57,979.81
1,69344396,2023-02-01,304.19,
1,69362270,2023-02-01,410.6,
1,69446767,2023-02-01,672.47,
1,69447534,2023-02-01,-37.34,-105.36
1,69468071,2023-02-01,652.9,
1,69492532,2023-02-01,581.23,
1,69533742,2023-02-01,6507.87,1288.68
1,69540137,2023-02-01,351.36,
1,69556322,2023-02-01,887.94,102.91
1,69561077,2023-02-01,443.69,125.38
1,69588947,2023-02-01,732.72,
1,69617552,2023-02-01,853.9,
1,69647833,2023-02-01,850.18,84.44
1,69648759,2023-02-01,774.31,80.92
1,69664627,2023-02-01,766.98,-130.78
1,69665438,2023-02-01,477.87,-258.13
1,69683385,2023-02-01,519.63,
1,69730266,2023-02-01,732.61,
1,69796371,2023-02-01,649.23,
1,69806946,2023-02-01,971.49,
1,69939682,2023-02-01,1778.0500000000002,-25.22
1,70010970,2023-02-01,114.23,
1,70013367,2023-02-01,38.86,
1,70034563,2023-02-01,872.98,149.8
1,70049609,2023-02-01,226.63,
1,70123664,2023-02-01,360.61,-122.51
1,70129567,2023-02-01,939.24,52.32
1,70163139,2023-02-01,760.08,85.94
1,70185446,2023-02-01,863.26,
1,70214700,2023-02-01,-1102.51,-1255.3
1,70217229,2023-02-01,705.69,
1,70221848,2023-02-01,620.74,69.91
1,70231750,2023-02-01,749.6,
1,70331285,2023-02-01,537.34,
1,70351135,2023-02-01,173.49,3.89
1,70375931,2023-02-01,980.21,
1,70384410,2023-02-01,718.99,
1,70385129,2023-02-01,373.91,121.46
1,70409852,2023-02-01,662.8,
1,70469258,2023-02-01,868.53,
1,70505401,2023-02-01,138.85,
1,70554021,2023-02-01,44.26,
1,70567557,2023-02-01,984.3,
1,70571486,2023-02-01,521.09,-52.17
1,70624878,2023-02-01,169.99,-158.51
1,70643766,2023-02-01,143.86,
1,70652524,2023-02-01,342.86,
1,70665892,2023-02-01,690.56,-165.66
1,70719064,2023-02-01,752.97,
1,70749706,2023-02-01,843.94,-119.88
1,70905083,2023-02-01,623.65,
1,70920653,2023-02-01,577.7,
1,70925461,2023-02-01,193.49,-66.84
1,70954264,2023-02-01,188.6,-142.91
1,70989002,2023-02-01,220.06,
1,71014167,2023-02-01,712.21,58.05
1,71045135,2023-02-01,98.76,
1,71051904,2023-02-01,48.92,
1,71082437,2023-02-01,717.98,
1,71135606,2023-02-01,728.32,
1,71137421,2023-02-01,126.52,61.08
1,71161073,2023-02-01,762.46,-99.52
1,71183710,2023-02-01,989.68,
1,71213535,2023-02-01,686.81,
1,71247681,2023-02-01,955.43,
1,71264941,2023-02-01,1512.54,423.90999999999997
1,71266283,2023-02-01,496.77,
1,71280775,2023-02-01,427.44,
1,71293250,2023-02-01,686.0,
1,71332337,2023-02-01,661.23,
1,71381278,2023-02-01,592.79,
1,71383376,2023-02-01,277.3,-170.96
1,71394875,2023-02-01,666.43,-112.34
1,71444662,2023-02-01,175.7,-101.08
1,71469803,2023-02-01,14.79,
1,71536854,2023-02-01,42.99,
1,71562080,2023-02-01,352.05,
1,71594658,2023-02-01,392.66,
1,71643841,2023-02-01,232.5,
1,71675127,2023-02-01,353.48,
1,71718483,2023-02-01,1836.94,1089.6
1,71791483,2023-02-01,873.44,
1,71792376,2023-02-01,4.39,
1,71825742,2023-02-01,665.75,
1,71852263,2023-02-01,676.77,
1,71868471,2023-02-01,474.32,
1,71913103,2023-02-01,5.42,
1,71934515,2023-02-01,340.99,
1,71939863,2023-02-01,252.53,136.22
1,72008772,2023-02-01,614.32,-110.9
1,72050477,2023-02-01,95.87,
1,72055977,2023-02-01,172.73,
1,72087700,2023-02-01,359.55,
1,72120467,2023-02-01,340.15,
1,72164482,2023-02-01,535.39,
1,72176895,2023-02-01,109.78,
1,72208029,2023-02-01,11.87,0.5
1,72230395,2023-02-01,773.55,
1,72268811,2023-02-01,694.68,
1,72289791,2023-02-01,502.96,
1,72292735,2023-02-01,1191.31,-204.60000000000002
1,72309641,2023-02-01,386.61,
1,72323206,2023-02-01,372.97,
1,72354216,2023-02-01,852.23,
1,72446758,2023-02-01,893.64,
1,72450129,2023-02-01,697.38,-208.23
1,72466733,2023-02-01,580.24,
1,72526383,2023-02-01,885.37,
1,72558185,2023-02-01,793.9,
1,72600465,2023-02-01,595.44,
1,72623919,2023-02-01,610.63,
1,72627756,2023-02-01,473.02,
1,72716288,2023-02-01,167.69,
1,72771982,2023-02-01,501.76,
1,72784766,2023-02-01,543.86,19.170000000000016
1,72799297,2023-02-01,614.69,
1,72809561,2023-02-01,270.68,
1,72809943,2023-02-01,870.72,
1,72812647,2023-02-01,217.41,-134.43
1,72856610,2023-02-01,680.07,103.99
1,72894034,2023-02-01,239.11,164.31
1,72925782,2023-02-01,351.64,
1,72934756,2023-02-01,4956.24,741.76
1,72971287,2023-02-01,1850.24,2.259999999999991
1,72986897,2023-02-01,603.23,
1,72995062,2023-02-01,827.93,321.2
1,72996601,2023-02-01,730.27,
1,73009461,2023-02-01,938.52,
1,73015538,2023-02-01,884.69,249.75
1,73039019,2023-02-01,360.0,
1,73059951,2023-02-01,955.01,
1,73080553,2023-02-01,880.06,
1,73124762,2023-02-01,71.65,-99.81
1,73208971,2023-02-01,107.97,
1,73234341,2023-02-01,811.71,
1,73269307,2023-02-01,485.86,
1,73275714,2023-02-01,924.88,
1,73282074,2023-02-01,159.25,-61.23
1,73321391,2023-02-01,100.12,
1,73328955,2023-02-01,404.7,
1,73410227,2023-02-01,600.65,-219.71
1,73439131,2023-02-01,863.01,
1,73510067,2023-02-01,895.82,
1,73512834,2023-02-01,528.17,103.58
1,73534143,2023-02-01,804.34,
1,73538236,2023-02-01,292.51,60.58
1,73604500,2023-02-01,689.4,
1,73642628,2023-02-01,300.06,
1,73652359,2023-02-01,80.58,
1,73668192,2023-02-01,371.47,
1,73700087,2023-02-01,274.17,
1,73744504,2023-02-01,270.6,
1,73762750,2023-02-01,154.93,-66.19
1,73782061,2023-02-01,891.9,
1,73878828,2023-02-01,787.17,-58.02
1,73983591,2023-02-01,409.7,117.31
1,73983601,2023-02-01,617.23,
1,74012560,2023-02-01,414.56,
1,74154906,2023-02-01,743.84,
1,74163559,2023-02-01,45.76,
1,74218001,2023-02-01,133.02,
1,74252410,2023-02-01,621.4200000000001,-184.62
1,74255305,2023-02-01,3.7,
1,74281404,2023-02-01,222.69,-456.2
1,74304084,2023-02-01,1014.93,131.58
1,74365725,2023-02-01,518.04,
1,74367877,2023-02-01,864.56,45.64
1,74387481,2023-02-01,883.93,
1,74441123,2023-02-01,689.27,-143.97
1,74539170,2023-02-01,417.58,
1,74544582,2023-02-01,349.0,-58.96
1,74604471,2023-02-01,661.57,
1,74662976,2023-02-01,2417.0,1634.7
1,74703933,2023-02-01,561.14,239.72
1,74709026,2023-02-01,465.39,
1,74768567,2023-02-01,557.15,
1,74770758,2023-02-01,787.38,143.86
1,74822001,2023-02-01,673.61,
1,75000628,2023-02-01,117.33,
1,75004471,2023-02-01,435.54,
1,75027308,2023-02-01,307.44,
1,75068844,2023-02-01,852.47,
1,75094093,2023-02-01,478.09,
1,75134291,2023-02-01,903.25,
1,75164598,2023-02-01,654.36,84.96
1,75172199,2023-02-01,1755.0,800.0
1,75205767,2023-02-01,126.25,12.5
1,75216128,2023-02-01,671.26,
1,75223089,2023-02-01,557.48,
1,75258542,2023-02-01,772.67,
1,75331062,2023-02-01,242.54,124.73
1,75355842,2023-02-01,621.95,
1,75394177,2023-02-01,617.53,23.189999999999998
1,75428657,2023-02-01,551.94,96.14
1,75468090,2023-02-01,984.92,
1,75551521,2023-02-01,367.75,-170.89
1,75553043,2023-02-01,544.73,-124.86
1,75569387,2023-02-01,2024.87,1775.6
1,75573750,2023-02-01,-409.0,-671.47
1,75687743,2023-02-01,668.39,
1,75692380,2023-02-01,477.28,
1,75696521,2023-02-01,660.34,
1,75747094,2023-02-01,181.31,-108.17
1,75762044,2023-02-01,980.08,
1,75782714,2023-02-01,105.34,
1,75839704,2023-02-01,202.34,
1,75893682,2023-02-01,573.74,
1,75925793,2023-02-01,533.66,107.97
1,75946768,2023-02-01,103.05,
1,75954317,2023-02-01,583.28,
1,75969874,2023-02-01,454.25,
1,76078639,2023-02-01,327.97,9.8
1,76096120,2023-02-01,880.75,-115.85
1,76099143,2023-02-01,525.4,
1,76122310,2023-02-01,985.6,
1,76146870,2023-02-01,414.24,
1,76169332,2023-02-01,615.46,
1,76206810,2023-02-01,758.85,-128.78
1,76245103,2023-02-01,814.75,
1,76256026,2023-02-01,150.92,114.21
1,76257915,2023-02-01,795.66,
1,76273831,2023-02-01,866.62,
1,76318330,2023-02-01,-250.24,-960.8
1,76336076,2023-02-01,288.71,
1,76342664,2023-02-01,371.62,
1,76343783,2023-02-01,42.36,
1,76355557,2023-02-01,285.61,
1,76454427,2023-02-01,267.03,
1,76470405,2023-02-01,726.43,120.13
1,76474111,2023-02-01,652.42,88.99
1,76482858,2023-02-01,568.63,
1,76524911,2023-02-01,149.35,-41.55
1,76537084,2023-02-01,884.7,
1,76546657,2023-02-01,434.77,
1,76629706,2023-02-01,962.66,
1,76662799,2023-02-01,212.61,-84.07
1,76698056,2023-02-01,827.36,
1,76720959,2023-02-01,436.06,
1,76787359,2023-02-01,386.73,
1,76799768,2023-02-01,903.27,-77.81
1,76847816,2023-02-01,234.09,-145.45
1,76857747,2023-02-01,952.88,
1,76869201,2023-02-01,417.36,-98.26
1,76869375,2023-02-01,2015.56,133.53
1,76953050,2023-02-01,453.1,
1,77010964,2023-02-01,899.11,
1,77017650,2023-02-01,596.2,-103.04
1,77026279,2023-02-01,126.05,
1,77207452,2023-02-01,696.83,
1,77241606,2023-02-01,761.38,
1,77243259,2023-02-01,1296.77,-19.92
1,77289104,2023-02-01,737.08,
1,77342574,2023-02-01,791.93,-115.41
1,77377150,2023-02-01,664.96,-8.07
1,77379844,2023-02-01,32.65,
1,77387016,2023-02-01,894.34,
1,77418940,2023-02-01,263.71,
1,77447018,2023-02-01,754.64,
1,77504884,2023-02-01,916.33,695.3
1,77551209,2023-02-01,7.33,
1,77554032,2023-02-01,646.5,
1,77587664,2023-02-01,769.43,
1,77646359,2023-02-01,434.93,
1,77668890,2023-02-01,804.88,
1,77688406,2023-02-01,224.2,
1,77717508,2023-02-01,319.31,-173.96
1,77722115,2023-02-01,575.18,-160.76
1,77737443,2023-02-01,220.7,
1,77792490,2023-02-01,672.38,-150.38
1,77797288,2023-02-01,199.97,
1,77802960,2023-02-01,157.47,
1,77838890,2023-02-01,1036.77,85.61
1,77841390,2023-02-01,673.82,
1,77847751,2023-02-01,850.14,
1,77867306,2023-02-01,907.96,
1,77880852,2023-02-01,550.69,
1,77911836,2023-02-01,87.75,
1,77913078,2023-02-01,900.18,14.22
1,77917083,2023-02-01,929.41,
1,77931114,2023-02-01,538.47,57.95
1,77966293,2023-02-01,904.28,
1,77980498,2023-02-01,2264.9300000000003,-234.22
1,78004131,2023-02-01,689.07,-34.17
1,78047487,2023-02-01,417.33,
1,78065026,2023-02-01,356.26,
1,78072161,2023-02-01,837.5,-76.69
1,78076137,2023-02-01,419.4,128.93
1,78129803,2023-02-01,233.76,
1,78133064,2023-02-01,103.96,
1,78167719,2023-02-01,969.06,
1,78175956,2023-02-01,124.55,
1,78184766,2023-02-01,98.1,
1,78234498,2023-02-01,767.06,69.18
1,78257880,2023-02-01,933.22,
1,78268704,2023-02-01,888.99,
1,78296743,2023-02-01,-1481.23,-1888.2
1,78303304,2023-02-01,921.4,
1,78343618,2023-02-01,231.04000000000002,89.75
1,78362587,2023-02-01,-901.71,-1292.5
1,78392456,2023-02-01,592.04,
1,78395863,2023-02-01,626.58,168.34
1,78493642,2023-02-01,748.98,
1,78501355,2023-02-01,910.42,
1,78541427,2023-02-01,366.51,
1,78580221,2023-02-01,377.1,105.16
1,78584818,2023-02-01,723.21,
1,78667134,2023-02-01,672.23,
1,78673350,2023-02-01,307.25,
1,78716149,2023-02-01,608.99,-49.84
1,78767161,2023-02-01,133.01,-115.41
1,78773905,2023-02-01,511.78,
1,78807944,2023-02-01,351.58,-90.9
1,78844183,2023-02-01,194.7,
1,78905675,2023-02-01,-72.9,-84.08
1,78913378,2023-02-01,293.83,-84.25
1,78927989,2023-02-01,825.23,
1,78945298,2023-02-01,609.68,
1,78953379,2023-02-01,45.3,
1,79015773,2023-02-01,706.11,
1,79033058,2023-02-01,-70.41,-167.53
1,79036903,2023-02-01,507.29,16.06
1,79069274,2023-02-01,685.1,
1,79090076,2023-02-01,250.08,130.83
1,79091642,2023-02-01,961.45,
1,79118116,2023-02-01,931.81,-49.97
1,79147964,2023-02-01,2921.2400000000002,219.97
1,79163824,2023-02-01,38.35,-899.8
1,79169988,2023-02-01,354.01,
1,79181666,2023-02-01,600.88,
1,79213491,2023-02-01,308.65,
1,79307217,2023-02-01,307.87,
1,79309039,2023-02-01,545.94,-96.14
1,79325967,2023-02-01,647.65,
1,79329254,2023-02-01,984.43,
1,79355498,2023-02-01,945.34,812.6
1,79380893,2023-02-01,100.04,-63.11
1,79415620,2023-02-01,729.51,
1,79435523,2023-02-01,920.0,
1,79499412,2023-02-01,2767.7200000000003,1487.9
1,79566165,2023-02-01,-21.56,-86.03
1,79566627,2023-02-01,377.62,
1,79570236,2023-02-01,91.66,
1,79599747,2023-02-01,393.28,
1,79632523,2023-02-01,867.95,
1,79656112,2023-02-01,848.18,
1,79656355,2023-02-01,2586.71,1820.3
1,79757019,2023-02-01,252.69,-116.57
1,79771974,2023-02-01,350.67,
1,79792810,2023-02-01,505.57,
1,79933337,2023-02-01,593.04,84.25
1,80001684,2023-02-01,572.24,
1,80005822,2023-02-01,930.08,
1,80015485,2023-02-01,310.56,
1,80040176,2023-02-01,533.74,
1,80046304,2023-02-01,951.74,
1,80135904,2023-02-01,120.34,
1,80168427,2023-02-01,-305.48,-262.28
1,80184223,2023-02-01,52.59,
1,80244844,2023-02-01,684.47,-90.07
1,80283776,2023-02-01,334.03,
1,80291188,2023-02-01,408.92,70.27
1,80304720,2023-02-01,785.12,170.25
1,80325529,2023-02-01,996.6,
1,80355773,2023-02-01,868.34,-37.94
1,80360244,2023-02-01,658.35,
1,80379245,2023-02-01,737.11,-56.06
1,80391084,2023-02-01,466.35,
1,80428983,2023-02-01,323.32,
1,80439799,2023-02-01,968.23,
1,80464084,2023-02-01,12.73,
1,80504934,2023-02-01,759.22,
1,80596699,2023-02-01,479.06,254.01
1,80610910,2023-02-01,139.54,
1,80678427,2023-02-01,454.67,156.33
1,80678577,2023-02-01,288.61,
1,80709302,2023-02-01,280.92,
1,80747298,2023-02-01,768.33,
1,80758476,2023-02-01,977.44,
1,80761210,2023-02-01,401.74,-143.85
1,80778066,2023-02-01,161.91,-55.58
1,80787776,2023-02-01,602.72,142.26
1,80808205,2023-02-01,192.82,-88.1
1,80811957,2023-02-01,139.95,
1,80812213,2023-02-01,277.14,
1,80818151,2023-02-01,396.0,75.36
1,80877479,2023-02-01,210.98,
1,80884901,2023-02-01,453.71,
1,80889919,2023-02-01,298.45,
1,80938878,2023-02-01,29.73,
1,80939694,2023-02-01,923.76,
1,80940019,2023-02-01,957.41,
1,81049128,2023-02-01,694.91,
1,81075588,2023-02-01,887.49,192.73000000000002
1,81087182,2023-02-01,861.31,
1,81099534,2023-02-01,117.12,-99.68
1,81145048,2023-02-01,290.02,
1,81159651,2023-02-01,466.71,
1,81181209,2023-02-01,828.91,
1,81191580,2023-02-01,584.56,
1,81200849,2023-02-01,479.29,
1,81206535,2023-02-01,452.69,
1,81227009,2023-02-01,1109.07,62.339999999999996
1,81245588,2023-02-01,775.87,
1,81267006,2023-02-01,425.16,
1,81336389,2023-02-01,329.56,119.5
1,81336468,2023-02-01,935.41,
1,81337623,2023-02-01,815.36,
1,81340143,2023-02-01,647.34,
1,81384411,2023-02-01,175.86,
1,81398388,2023-02-01,979.87,
1,81445756,2023-02-01,267.66,
1,81475774,2023-02-01,568.11,
1,81527490,2023-02-01,131.44,-102.61
1,81561788,2023-02-01,454.89,
1,81590655,2023-02-01,742.17,
1,81646873,2023-02-01,188.36,
1,81651344,2023-02-01,219.55,
1,81655495,2023-02-01,-824.37,-1139.7
1,81662619,2023-02-01,574.43,-137.9
1,81727860,2023-02-01,192.44,
1,81740267,2023-02-01,67.86,
1,81823420,2023-02-01,361.83,102.1
1,81855175,2023-02-01,1681.13,-91.71000000000001
1,81923993,2023-02-01,686.37,
1,81932657,2023-02-01,513.02,138.7
1,81994568,2023-02-01,578.86,
1,82002852,2023-02-01,816.53,
1,82023979,2023-02-01,744.37,
1,82027257,2023-02-01,681.1,
1,82043720,2023-02-01,856.58,52.9
1,82101740,2023-02-01,397.15,-72.19
1,82115900,2023-02-01,446.89,
1,82177278,2023-02-01,236.32,
1,82188502,2023-02-01,1612.22,-30.010000000000005
1,82233451,2023-02-01,893.08,97.37
1,82259327,2023-02-01,982.72,
1,82263080,2023-02-01,928.54,
1,82283956,2023-02-01,586.8,-158.92
1,82303710,2023-02-01,619.98,
1,82314789,2023-02-01,788.86,53.09
1,82424659,2023-02-01,568.77,
1,82461559,2023-02-01,652.26,
1,82543932,2023-02-01,279.1,
1,82558079,2023-02-01,381.22,
1,82568859,2023-02-01,32.21,
1,82589836,2023-02-01,648.06,
1,82696309,2023-02-01,442.98,90.9
1,82734145,2023-02-01,278.57,
1,82764940,2023-02-01,918.71,42.34
1,82776251,2023-02-01,838.88,91.77
1,82807528,2023-02-01,117.15,
1,82879607,2023-02-01,72.18,
1,82911152,2023-02-01,564.11,
1,82920281,2023-02-01,41.13,
1,82927034,2023-02-01,435.71,
1,82930132,2023-02-01,131.87,
1,83003822,2023-02-01,286.54,
1,83056011,2023-02-01,968.4,
1,83067540,2023-02-01,258.33,
1,83081615,2023-02-01,301.32,
1,83124388,2023-02-01,504.59,
1,83128181,2023-02-01,718.76,-97.36
1,83128544,2023-02-01,25.71,
1,83166098,2023-02-01,711.1,-116.71
1,83187508,2023-02-01,845.22,130.8
1,83191889,2023-02-01,344.33,
1,83202693,2023-02-01,165.41,
1,83281565,2023-02-01,968.83,
1,83302154,2023-02-01,465.25,
1,83443439,2023-02-01,97.61,
1,83475318,2023-02-01,133.13,-95.83
1,83530155,2023-02-01,638.57,
1,83530541,2023-02-01,630.6,
1,83531401,2023-02-01,445.24,
1,83539050,2023-02-01,172.33,
1,83557419,2023-02-01,374.69,
1,83565726,2023-02-01,910.38,
1,83573848,2023-02-01,723.94,-94.56
1,83639740,2023-02-01,266.62,
1,83659554,2023-02-01,548.94,
1,83668302,2023-02-01,686.96,
1,83672404,2023-02-01,433.63,164.06
1,83693383,2023-02-01,138.05,
1,83698413,2023-02-01,223.67,
1,83788130,2023-02-01,701.22,-132.46
1,83796561,2023-02-01,-1829.22,-2239.3
1,83828891,2023-02-01,780.59,
1,83852014,2023-02-01,933.42,103.4
1,83854141,2023-02-01,280.06,
1,83891783,2023-02-01,13.83,-144.25
1,83975923,2023-02-01,680.66,-156.79
1,83981442,2023-02-01,89.35,
1,84070285,2023-02-01,796.6,
1,84107088,2023-02-01,2.2,
1,84187157,2023-02-01,252.9,
1,84188877,2023-02-01,624.29,
1,84275961,2023-02-01,763.43,138.19
1,84280969,2023-02-01,161.7,
1,84290934,2023-02-01,914.5,
1,84295462,2023-02-01,1067.53,913.5
1,84310867,2023-02-01,323.78,65.12
1,84333228,2023-02-01,330.99,
1,84334262,2023-02-01,525.57,
1,84366763,2023-02-01,734.48,
1,84375036,2023-02-01,470.32,114.22
1,84396180,2023-02-01,103.83,
1,84406205,2023-02-01,818.63,
1,84411377,2023-02-01,870.25,
1,84411930,2023-02-01,916.61,
1,84416510,2023-02-01,793.45,
1,84418749,2023-02-01,1236.87,121.93
1,84448752,2023-02-01,412.15,
1,84471701,2023-02-01,151.27,62.0
1,84656105,2023-02-01,547.59,
1,84682032,2023-02-01,612.1,
1,84695068,2023-02-01,693.94,
1,84714323,2023-02-01,667.61,
1,84746166,2023-02-01,806.73,
1,84778718,2023-02-01,521.14,
1,84822607,2023-02-01,425.79,
1,84853260,2023-02-01,925.31,
1,84928531,2023-02-01,161.27,-75.09
1,84951477,2023-02-01,316.2,
1,84964879,2023-02-01,736.49,106.68
1,84969883,2023-02-01,672.74,
1,84995019,2023-02-01,1158.74,-215.07
1,85001424,2023-02-01,549.63,-103.68
1,85057916,2023-02-01,656.89,
1,85128569,2023-02-01,340.68,
1,85140734,2023-02-01,1942.28,337.25
1,85156953,2023-02-01,900.09,
1,85177718,2023-02-01,478.18,
1,85182642,2023-02-01,451.38,
1,85192761,2023-02-01,982.48,
1,85238291,2023-02-01,522.7,-142.98
1,85250129,2023-02-01,281.7,-119.21
1,85265080,2023-02-01,1702.4,-204.57999999999998
1,85310930,2023-02-01,688.91,
1,85336547,2023-02-01,785.57,
1,85341369,2023-02-01,1078.5,146.39
1,85344981,2023-02-01,874.46,
1,85362253,2023-02-01,727.13,-63.28
1,85399459,2023-02-01,705.94,
1,85420056,2023-02-01,107.03,
1,85423742,2023-02-01,131.14,
1,85435135,2023-02-01,106.63,
1,85482194,2023-02-01,997.62,
1,85490561,2023-02-01,512.78,
1,85493851,2023-02-01,796.35,
1,85496714,2023-02-01,353.13,
1,85498335,2023-02-01,745.08,
1,85498936,2023-02-01,47.77,
1,85501046,2023-02-01,202.72,-152.04
1,85503501,2023-02-01,67.12,53.46
1,85551186,2023-02-01,909.25,
1,85559926,2023-02-01,297.6,-125.68
1,85562851,2023-02-01,499.37,
1,85609963,2023-02-01,424.83,
1,85652943,2023-02-01,424.5,
1,85679194,2023-02-01,891.99,
1,85709972,2023-02-01,936.57,
1,85723355,2023-02-01,745.34,
1,85724829,2023-02-01,189.94,
1,85771346,2023-02-01,458.88,
1,85826354,2023-02-01,611.74,
1,85839285,2023-02-01,1365.16,637.1
1,85841767,2023-02-01,346.54,-111.89
1,85846175,2023-02-01,22.88,
1,85848442,2023-02-01,118.46,
1,85874418,2023-02-01,0.42,-151.41
1,85902834,2023-02-01,357.94,
1,85919813,2023-02-01,754.16,106.8
1,85924719,2023-02-01,472.05,
1,85939269,2023-02-01,101.19,-121.91
1,85940057,2023-02-01,1591.07,1069.7
1,85951663,2023-02-01,484.45,99.45
1,85994636,2023-02-01,705.2,-114.04
1,86007729,2023-02-01,320.78,
1,86020532,2023-02-01,972.95,
1,86031592,2023-02-01,1388.32,-10.760000000000005
1,86053438,2023-02-01,1455.96,1152.9
1,86068003,2023-02-01,567.14,
1,86086812,2023-02-01,832.82,
1,86092750,2023-02-01,261.57,
1,86106528,2023-02-01,238.55,
1,86108287,2023-02-01,523.61,
1,86131065,2023-02-01,920.08,
1,86155528,2023-02-01,853.94,81.56
1,86169883,2023-02-01,452.25,
1,86190489,2023-02-01,237.72,
1,86207903,2023-02-01,1609.25,-172.45000000000002
1,86218347,2023-02-01,646.82,165.66
1,86228741,2023-02-01,562.04,
1,86263956,2023-02-01,852.67,
1,86266595,2023-02-01,383.23,-156.73
1,86268635,2023-02-01,679.32,
1,86272488,2023-02-01,-79.06,-90.79
1,86297017,2023-02-01,906.85,103.04
1,86339581,2023-02-01,91.76,
1,86339899,2023-02-01,1551.28,14.099999999999909
1,86406958,2023-02-01,842.43,
1,86439949,2023-02-01,782.42,
1,86489618,2023-02-01,488.7,
1,86496446,2023-02-01,39.23,-85.61
1,86530050,2023-02-01,550.33,103.16
1,86596620,2023-02-01,512.69,
1,86624158,2023-02-01,818.29,
1,86637863,2023-02-01,672.86,
1,86655008,2023-02-01,1458.6799999999998,31.169999999999995
1,86698396,2023-02-01,314.21,
1,86728138,2023-02-01,175.36,
1,86737119,2023-02-01,432.69,
1,86765156,2023-02-01,290.53,
1,86785126,2023-02-01,148.21,
1,86788651,2023-02-01,1775.08,370.17999999999995
1,86795912,2023-02-01,295.95,
1,86816054,2023-02-01,391.59,
1,86864320,2023-02-01,507.56,-103.58
1,86870860,2023-02-01,987.14,
1,86893452,2023-02-01,347.12,-1044.73
1,86941058,2023-02-01,3876.71,673.77
1,86995846,2023-02-01,956.26,
1,87010556,2023-02-01,175.33,
1,87101816,2023-02-01,711.91,-150.96
1,87121270,2023-02-01,122.09,
1,87133080,2023-02-01,947.42,
1,87171530,2023-02-01,602.5,-102.91
1,87179572,2023-02-01,1819.73,1292.5
1,87195449,2023-02-01,493.58,
1,87231063,2023-02-01,305.69,
1,87261089,2023-02-01,613.62,
1,87261106,2023-02-01,203.16,
1,87276000,2023-02-01,2131.5,299.48
1,87297577,2023-02-01,351.06,
1,87325576,2023-02-01,168.82,-185.45
1,87356428,2023-02-01,705.05,
1,87373821,2023-02-01,1586.3600000000001,-233.73
1,87433733,2023-02-01,34.77,
1,87456121,2023-02-01,334.19,76.69
1,87504607,2023-02-01,691.84,86.21
1,87533652,2023-02-01,156.61,
1,87543952,2023-02-01,14.85,
1,87556975,2023-02-01,657.17,
1,87726203,2023-02-01,55.92,
1,87735660,2023-02-01,990.25,
1,87746071,2023-02-01,109.61,-106.3
1,87801896,2023-02-01,181.56,
1,87807990,2023-02-01,390.19,72.79
1,87817645,2023-02-01,1164.47,181.11
1,87827496,2023-02-01,935.66,
1,87836000,2023-02-01,937.46,
1,87876065,2023-02-01,5020.79,1944.8899999999999
1,87906438,2023-02-01,196.99,
1,87911550,2023-02-01,149.29,
1,87913244,2023-02-01,867.43,136.95
1,87967388,2023-02-01,682.7,
1,88033693,2023-02-01,917.7,
1,88040274,2023-02-01,550.79,
1,88074391,2023-02-01,851.54,
1,88106566,2023-02-01,477.78,
1,88160468,2023-02-01,70.17999999999995,-1125.93
1,88229109,2023-02-01,730.76,
1,88235115,2023-02-01,150.58,
1,88285378,2023-02-01,473.79,
1,88293767,2023-02-01,487.22,
1,88306714,2023-02-01,808.0,
1,88343796,2023-02-01,338.0,
1,88381437,2023-02-01,472.65,
1,88399132,2023-02-01,751.13,
1,88436283,2023-02-01,689.71,
1,88466448,2023-02-01,920.61,
1,88476961,2023-02-01,600.61,75.85
1,88482062,2023-02-01,-171.89,-321.2
1,88489173,2023-02-01,645.44,169.18
1,88538200,2023-02-01,518.77,
1,88551691,2023-02-01,1068.65,89.41
1,88558016,2023-02-01,156.64,
1,88568543,2023-02-01,304.49,-168.34
1,88570753,2023-02-01,62.48,
1,88580402,2023-02-01,222.65,104.47
1,88646863,2023-02-01,250.52,
1,88657589,2023-02-01,712.85,
1,88676459,2023-02-01,380.51,94.56
1,88681540,2023-02-01,1148.35,-36.13000000000001
1,88710457,2023-02-01,818.28,
1,88732093,2023-02-01,145.58,-51.030000000000015
1,88824263,2023-02-01,266.95,-28.95
1,88831746,2023-02-01,565.27,
1,88834465,2023-02-01,18.3,
1,88837750,2023-02-01,269.14,
1,88857879,2023-02-01,601.01,
1,88926132,2023-02-01,275.1,
1,88933315,2023-02-01,911.46,216.48000000000002
1,88968006,2023-02-01,952.66,
1,88974311,2023-02-01,348.88,-152.59
1,89065134,2023-02-01,447.32,
1,89088715,2023-02-01,336.6,
1,89117536,2023-02-01,123.22,
1,89194917,2023-02-01,332.56,
1,89223056,2023-02-01,139.98,
1,89225677,2023-02-01,660.05,
1,89244577,2023-02-01,706.67,
1,89309725,2023-02-01,858.68,
1,89318229,2023-02-01,675.08,
1,89353946,2023-02-01,809.48,
1,89369216,2023-02-01,305.47,-99.09
1,89406032,2023-02-01,453.31,
1,89407337,2023-02-01,211.2,
1,89438779,2023-02-01,243.35,-104.57
1,89471153,2023-02-01,52.29,
1,89497773,2023-02-01,637.02,
1,89503991,2023-02-01,204.52,
1,89608054,2023-02-01,495.15,
1,89629293,2023-02-01,292.31,
1,89632856,2023-02-01,557.83,
1,89645445,2023-02-01,287.29,
1,89650416,2023-02-01,-59.72,-205.89
1,89689059,2023-02-01,906.88,
1,89697097,2023-02-01,449.71,
1,89720252,2023-02-01,672.88,
1,89761152,2023-02-01,923.01,
1,89905732,2023-02-01,883.38,
1,89916489,2023-02-01,552.43,-174.0
1,89972805,2023-02-01,456.55,
1,89983842,2023-02-01,880.93,
1,90019913,2023-02-01,430.21,
1,90044139,2023-02-01,568.28,
1,90054505,2023-02-01,456.58,-129.54
1,90090889,2023-02-01,836.85,
1,90118682,2023-02-01,58.16,
1,90168031,2023-02-01,26.13,-170.35
1,90203948,2023-02-01,689.49,
1,90233696,2023-02-01,701.16,73.14
1,90287712,2023-02-01,421.42,105.25
1,90313378,2023-02-01,743.7,
1,90336689,2023-02-01,847.88,
1,90338454,2023-02-01,586.61,-162.02
1,90349791,2023-02-01,568.63,
1,90446254,2023-02-01,930.0,
1,90480183,2023-02-01,465.06,
1,90549616,2023-02-01,-1051.18,-956.8800000000001
1,90589761,2023-02-01,535.28,
1,90625637,2023-02-01,477.46,
1,90717656,2023-02-01,409.99,
1,90745743,2023-02-01,232.08,-142.99
1,90824896,2023-02-01,484.11,
1,90851200,2023-02-01,361.43,
1,90871147,2023-02-01,362.86,
1,90894195,2023-02-01,157.01,
1,90932350,2023-02-01,480.51,
1,90951743,2023-02-01,220.81,
1,90982016,2023-02-01,776.15,
1,91020929,2023-02-01,240.56,-107.56
1,91062192,2023-02-01,211.52,
1,91142310,2023-02-01,363.08,
1,91184544,2023-02-01,64.05,
1,91246568,2023-02-01,147.43,
1,91251995,2023-02-01,244.0,
1,91259453,2023-02-01,816.68,
1,91305080,2023-02-01,228.84,105.63
1,91349198,2023-02-01,669.58,
1,91373446,2023-02-01,473.83,-87.59
1,91382872,2023-02-01,782.62,
1,91423814,2023-02-01,957.99,
1,91445572,2023-02-01,405.88,
1,91576212,2023-02-01,824.71,
1,91605034,2023-02-01,560.96,
1,91621026,2023-02-01,834.74,
1,91658755,2023-02-01,473.65,126.06
1,91703213,2023-02-01,945.92,54.25
1,91747441,2023-02-01,356.85,
1,91819341,2023-02-01,701.61,
1,91829198,2023-02-01,103.19,
1,91834926,2023-02-01,793.19,
1,91859090,2023-02-01,10.38,
1,91885907,2023-02-01,652.65,
1,91939298,2023-02-01,-60.1,-121.69
1,91943555,2023-02-01,438.21,
1,91944915,2023-02-01,701.33,100.12
1,91957838,2023-02-01,587.57,
1,91971494,2023-02-01,74.37,
1,91972687,2023-02-01,463.97,
1,92001688,2023-02-01,339.08,
1,92015508,2023-02-01,457.52,
1,92037264,2023-02-01,252.95,
1,92052516,2023-02-01,466.43,
1,92145159,2023-02-01,869.42,333.6
1,92155262,2023-02-01,501.67,
1,92195724,2023-02-01,1527.07,-25.519999999999996
1,92212099,2023-02-01,584.21,
1,92214557,2023-02-01,431.43,173.01
1,92221411,2023-02-01,727.0,-122.46
1,92232319,2023-02-01,416.11,
1,92234913,2023-02-01,613.18,
1,92287463,2023-02-01,172.18,-84.96
1,92319358,2023-02-01,210.57,94.06
1,92338537,2023-02-01,240.88,-75.36
1,92340721,2023-02-01,844.79,
1,92376825,2023-02-01,482.27,158.59
1,92390334,2023-02-01,466.4,-136.22
1,92423759,2023-02-01,475.1,
1,92437489,2023-02-01,24.19,
1,92551293,2023-02-01,252.3,
1,92563438,2023-02-01,1981.7999999999997,-57.379999999999995
1,92684055,2023-02-01,430.86,
1,92750088,2023-02-01,-509.3,-1069.7
1,92770567,2023-02-01,829.57,-120.09
1,92840827,2023-02-01,403.77,
1,92872571,2023-02-01,1029.09,96.06
1,92898446,2023-02-01,64.49,
1,92910876,2023-02-01,643.19,
1,92920645,2023-02-01,644.88,
1,92931020,2023-02-01,754.11,
1,92943637,2023-02-01,28.23,
1,92944470,2023-02-01,598.07,152.59
1,92963966,2023-02-01,986.69,3.04
1,93009261,2023-02-01,675.04,
1,93039862,2023-02-01,806.99,
1,93076057,2023-02-01,218.56,
1,93128216,2023-02-01,834.73,
1,93147630,2023-02-01,403.93,
1,93192347,2023-02-01,-979.19,-1277.2
1,93248179,2023-02-01,568.31,-157.47000000000003
1,93306742,2023-02-01,388.54,
1,93325549,2023-02-01,339.08,177.63
1,93346040,2023-02-01,746.89,-69.18
1,93349543,2023-02-01,206.82,-122.63
1,93355755,2023-02-01,753.84,
1,93388304,2023-02-01,73.0,
1,93409343,2023-02-01,1579.15,830.7
1,93429066,2023-02-01,652.04,
1,93443317,2023-02-01,429.98,124.69
1,93446276,2023-02-01,1153.12,134.8
1,93529019,2023-02-01,463.32,
1,93559470,2023-02-01,84.06,-126.64
1,93564856,2023-02-01,351.9,117.24
1,93569124,2023-02-01,221.11,
1,93624474,2023-02-01,622.14,
1,93630048,2023-02-01,317.95,
1,93707181,2023-02-01,421.54,99.63
1,93745446,2023-02-01,574.89,
1,93747938,2023-02-01,724.31,
1,93840154,2023-02-01,159.7,
1,93932516,2023-02-01,575.82,
1,93981472,2023-02-01,175.68,
1,94044891,2023-02-01,367.77,
1,94060198,2023-02-01,-1353.5,-1663.4
1,94082779,2023-02-01,49.87,
1,94096082,2023-02-01,342.2,
1,94106013,2023-02-01,844.86,
1,94163785,2023-02-01,953.91,
1,94171142,2023-02-01,138.86,-123.08
1,94200289,2023-02-01,207.5,
1,94208888,2023-02-01,97.84,
1,94212460,2023-02-01,215.27,
1,94228831,2023-02-01,277.02,
1,94247629,2023-02-01,308.63,
1,94331180,2023-02-01,34.33,-54.98
1,94342965,2023-02-01,282.51,
1,94365401,2023-02-01,81.28,
1,94409941,2023-02-01,550.32,-92.51
1,94437482,2023-02-01,415.91,
1,94457332,2023-02-01,764.02,
1,94493359,2023-02-01,17.96,
1,94525216,2023-02-01,635.22,
1,94566140,2023-02-01,31.61,
1,94615411,2023-02-01,147.21,
1,94629877,2023-02-01,908.69,
1,94635297,2023-02-01,353.43,
1,94645169,2023-02-01,756.17,-98.05
1,94660017,2023-02-01,-7.85,-115.14
1,94677908,2023-02-01,458.74,115.41
1,94716844,2023-02-01,502.94,-102.9
1,94729530,2023-02-01,2502.39,258.66
1,94732589,2023-02-01,697.54,
1,94748860,2023-02-01,630.6,
1,94796578,2023-02-01,-357.21,-1057.7
1,94814824,2023-02-01,716.75,
1,94893604,2023-02-01,411.26,122.07
1,94935991,2023-02-01,645.53,
1,94973297,2023-02-01,761.68,
1,95009921,2023-02-01,783.04,124.27
1,95060122,2023-02-01,771.61,
1,95081571,2023-02-01,635.81,-76.26
1,95113741,2023-02-01,102.12,
1,95213279,2023-02-01,441.59,
1,95258436,2023-02-01,59.55,
1,95274344,2023-02-01,990.84,
1,95277712,2023-02-01,235.91,
1,95307629,2023-02-01,591.63,89.15
1,95309911,2023-02-01,89.19,-82.42
1,95356167,2023-02-01,170.2,
1,95367755,2023-02-01,926.51,
1,95390412,2023-02-01,403.24,-149.8
1,95412973,2023-02-01,892.85,
1,95446510,2023-02-01,581.43,
1,95452518,2023-02-01,390.37,
1,95467370,2023-02-01,307.45,
1,95527674,2023-02-01,853.31,164.94
1,95564462,2023-02-01,643.45,
1,95600095,2023-02-01,400.05,
1,95642341,2023-02-01,1242.18,546.3
1,95645055,2023-02-01,645.58,
1,95674888,2023-02-01,963.78,124.86
1,95710324,2023-02-01,978.16,
1,95723006,2023-02-01,861.2,
1,95743658,2023-02-01,645.08,58.18
1,95759022,2023-02-01,154.41,76.39
1,95868007,2023-02-01,885.17,-89.15
1,95898143,2023-02-01,197.65,
1,95993993,2023-02-01,95.41,
1,96050548,2023-02-01,299.46,
1,96051784,2023-02-01,133.59,111.89
1,96121732,2023-02-01,1611.3,-17.0
1,96153427,2023-02-01,108.41,84.08
1,96197628,2023-02-01,829.37,
1,96200049,2023-02-01,1020.81,61.23
1,96208050,2023-02-01,105.75999999999999,-188.17000000000002
1,96224831,2023-02-01,926.76,
1,96227490,2023-02-01,242.11,
1,96236719,2023-02-01,999.32,
1,96278865,2023-02-01,930.45,
1,96281358,2023-02-01,463.07,
1,96291927,2023-02-01,306.62,79.4
1,96319450,2023-02-01,965.61,186.45
1,96367781,2023-02-01,880.44,
1,96367914,2023-02-01,528.67,
1,96401230,2023-02-01,1684.84,1663.4
1,96510893,2023-02-01,396.83,
1,96605778,2023-02-01,-42.26,-112.98
1,96649120,2023-02-01,307.91,
1,96689242,2023-02-01,941.92,45.7
1,96719450,2023-02-01,633.74,
1,96756719,2023-02-01,601.68,
1,96837696,2023-02-01,889.9,
1,96847078,2023-02-01,518.42,105.94
1,96948178,2023-02-01,217.26,
1,97010482,2023-02-01,626.16,83.77
1,97036090,2023-02-01,349.78,
1,97048058,2023-02-01,977.42,
1,97098684,2023-02-01,462.95,-0.96
1,97187999,2023-02-01,214.31,43.65
1,97258853,2023-02-01,454.82,106.33
1,97265555,2023-02-01,210.49,137.25
1,97294152,2023-02-01,5928.79,1318.88
1,97305293,2023-02-01,241.02,
1,97328154,2023-02-01,535.51,
1,97405607,2023-02-01,981.02,
1,97426293,2023-02-01,771.74,
1,97439311,2023-02-01,196.91,
1,97445899,2023-02-01,-278.28,-473.7
1,97487639,2023-02-01,908.8499999999999,-9.519999999999996
1,97501557,2023-02-01,572.14,
1,97521278,2023-02-01,833.78,
1,97526378,2023-02-01,540.88,
1,97541080,2023-02-01,677.34,
1,97542348,2023-02-01,1810.4,175.3
1,97555037,2023-02-01,405.29,
1,97558121,2023-02-01,699.28,
1,97571696,2023-02-01,1983.92,1361.0
1,97581232,2023-02-01,608.89,
1,97624673,2023-02-01,481.09,
1,97738591,2023-02-01,254.4,
1,97762952,2023-02-01,372.96,-38.91
1,97773835,2023-02-01,165.51,
1,97843608,2023-02-01,19.05,
1,97844854,2023-02-01,547.15,
1,97870414,2023-02-01,403.03999999999996,-1074.1100000000001
1,97913385,2023-02-01,1244.05,148.81
1,97935683,2023-02-01,40.96,
1,97939041,2023-02-01,320.97,
1,97944124,2023-02-01,258.19,
1,97954732,2023-02-01,506.16,
1,97970258,2023-02-01,457.37,-125.03
1,97983552,2023-02-01,1255.02,670.1
1,97985291,2023-02-01,234.19,
1,97988499,2023-02-01,246.91,-97.37
1,98043237,2023-02-01,491.59,
1,98070849,2023-02-01,4915.42,213.59
1,98107200,2023-02-01,325.82,
1,98112233,2023-02-01,68.76,-54.5
1,98119030,2023-02-01,179.3,
1,98138904,2023-02-01,885.18,
1,98156945,2023-02-01,449.81,
1,98159348,2023-02-01,703.62,
1,98221133,2023-02-01,694.44,97.92
1,98237008,2023-02-01,437.26,
1,98336782,2023-02-01,266.46,
1,98353764,2023-02-01,763.6,
1,98372749,2023-02-01,488.18999999999994,85.33
1,98377332,2023-02-01,343.09,
1,98459176,2023-02-01,-61.61,-229.8
1,98517701,2023-02-01,277.91,
1,98568929,2023-02-01,396.03,
1,98575383,2023-02-01,785.13,-152.59
1,98596312,2023-02-01,768.92,
1,98611122,2023-02-01,1130.42,-72.22999999999999
1,98620342,2023-02-01,976.13,
1,98671410,2023-02-01,262.01,-129.26999999999998
1,98717357,2023-02-01,183.63,
1,98776498,2023-02-01,79.4,
1,98821521,2023-02-01,851.8,-54.71
1,98849007,2023-02-01,62.71,4.45
1,98882065,2023-02-01,1371.13,16.960000000000008
1,98882225,2023-02-01,881.65,
1,98886699,2023-02-01,453.17,152.86
1,98931016,2023-02-01,561.33,
1,98940578,2023-02-01,59.28,
1,99000939,2023-02-01,155.29,
1,99015119,2023-02-01,443.55,
1,99244906,2023-02-01,876.68,-88.65
1,99261094,2023-02-01,356.3,-119.5
1,99296816,2023-02-01,568.42,-246.14
1,99481977,2023-02-01,1054.1,114.04
1,99496896,2023-02-01,431.32,
1,99514298,2023-02-01,81.64,-73.14
1,99553778,2023-02-01,621.65,
1,99611232,2023-02-01,729.98,-119.74
1,99657974,2023-02-01,148.85,-114.47
1,99678854,2023-02-01,664.0,
1,99685765,2023-02-01,43.01,
1,99709741,2023-02-01,98.23,
1,99729369,2023-02-01,-443.39,-1194.4
1,99730589,2023-02-01,988.44,
1,99734848,2023-02-01,354.29,
1,99760030,2023-02-01,988.0,
1,99791709,2023-02-01,15.05,
1,99877007,2023-02-01,478.84,-103.16
1,99937043,2023-02-01,989.64,71.22
